video_name,seq_num,pred_frame_num
alpine_chalet01,0,3
alpine_chalet01,0,4
alpine_chalet01,0,5
alpine_chalet01,0,6
alpine_chalet01,0,7
alpine_chalet01,0,8
alpine_chalet01,0,9
alpine_chalet01,0,10
alpine_chalet01,0,11
alpine_chalet01,1,3
alpine_chalet01,1,4
alpine_chalet01,1,5
alpine_chalet01,1,6
alpine_chalet01,1,7
alpine_chalet01,1,8
alpine_chalet01,1,9
alpine_chalet01,1,10
alpine_chalet01,1,11
alpine_chalet01,2,3
alpine_chalet01,2,4
alpine_chalet01,2,5
alpine_chalet01,2,6
alpine_chalet01,2,7
alpine_chalet01,2,8
alpine_chalet01,2,9
alpine_chalet01,2,10
alpine_chalet01,2,11
alpine_chalet01,3,3
alpine_chalet01,3,4
alpine_chalet01,3,5
alpine_chalet01,3,6
alpine_chalet01,3,7
alpine_chalet01,3,8
alpine_chalet01,3,9
alpine_chalet01,3,10
alpine_chalet01,3,11
american_vintage_diner01,0,3
american_vintage_diner01,0,4
american_vintage_diner01,0,5
american_vintage_diner01,0,6
american_vintage_diner01,0,7
american_vintage_diner01,0,8
american_vintage_diner01,0,9
american_vintage_diner01,0,10
american_vintage_diner01,0,11
american_vintage_diner01,1,3
american_vintage_diner01,1,4
american_vintage_diner01,1,5
american_vintage_diner01,1,6
american_vintage_diner01,1,7
american_vintage_diner01,1,8
american_vintage_diner01,1,9
american_vintage_diner01,1,10
american_vintage_diner01,1,11
american_vintage_diner01,2,3
american_vintage_diner01,2,4
american_vintage_diner01,2,5
american_vintage_diner01,2,6
american_vintage_diner01,2,7
american_vintage_diner01,2,8
american_vintage_diner01,2,9
american_vintage_diner01,2,10
american_vintage_diner01,2,11
american_vintage_diner01,3,3
american_vintage_diner01,3,4
american_vintage_diner01,3,5
american_vintage_diner01,3,6
american_vintage_diner01,3,7
american_vintage_diner01,3,8
american_vintage_diner01,3,9
american_vintage_diner01,3,10
american_vintage_diner01,3,11
apartment01,0,3
apartment01,0,4
apartment01,0,5
apartment01,0,6
apartment01,0,7
apartment01,0,8
apartment01,0,9
apartment01,0,10
apartment01,0,11
apartment01,1,3
apartment01,1,4
apartment01,1,5
apartment01,1,6
apartment01,1,7
apartment01,1,8
apartment01,1,9
apartment01,1,10
apartment01,1,11
apartment01,2,3
apartment01,2,4
apartment01,2,5
apartment01,2,6
apartment01,2,7
apartment01,2,8
apartment01,2,9
apartment01,2,10
apartment01,2,11
apartment01,3,3
apartment01,3,4
apartment01,3,5
apartment01,3,6
apartment01,3,7
apartment01,3,8
apartment01,3,9
apartment01,3,10
apartment01,3,11
apartment02,0,3
apartment02,0,4
apartment02,0,5
apartment02,0,6
apartment02,0,7
apartment02,0,8
apartment02,0,9
apartment02,0,10
apartment02,0,11
apartment02,1,3
apartment02,1,4
apartment02,1,5
apartment02,1,6
apartment02,1,7
apartment02,1,8
apartment02,1,9
apartment02,1,10
apartment02,1,11
apartment02,2,3
apartment02,2,4
apartment02,2,5
apartment02,2,6
apartment02,2,7
apartment02,2,8
apartment02,2,9
apartment02,2,10
apartment02,2,11
apartment02,3,3
apartment02,3,4
apartment02,3,5
apartment02,3,6
apartment02,3,7
apartment02,3,8
apartment02,3,9
apartment02,3,10
apartment02,3,11
architecture_building01,0,3
architecture_building01,0,4
architecture_building01,0,5
architecture_building01,0,6
architecture_building01,0,7
architecture_building01,0,8
architecture_building01,0,9
architecture_building01,0,10
architecture_building01,0,11
architecture_building01,1,3
architecture_building01,1,4
architecture_building01,1,5
architecture_building01,1,6
architecture_building01,1,7
architecture_building01,1,8
architecture_building01,1,9
architecture_building01,1,10
architecture_building01,1,11
architecture_building01,2,3
architecture_building01,2,4
architecture_building01,2,5
architecture_building01,2,6
architecture_building01,2,7
architecture_building01,2,8
architecture_building01,2,9
architecture_building01,2,10
architecture_building01,2,11
architecture_building01,3,3
architecture_building01,3,4
architecture_building01,3,5
architecture_building01,3,6
architecture_building01,3,7
architecture_building01,3,8
architecture_building01,3,9
architecture_building01,3,10
architecture_building01,3,11
archiviz01,0,3
archiviz01,0,4
archiviz01,0,5
archiviz01,0,6
archiviz01,0,7
archiviz01,0,8
archiviz01,0,9
archiviz01,0,10
archiviz01,0,11
archiviz01,1,3
archiviz01,1,4
archiviz01,1,5
archiviz01,1,6
archiviz01,1,7
archiviz01,1,8
archiviz01,1,9
archiviz01,1,10
archiviz01,1,11
archiviz01,2,3
archiviz01,2,4
archiviz01,2,5
archiviz01,2,6
archiviz01,2,7
archiviz01,2,8
archiviz01,2,9
archiviz01,2,10
archiviz01,2,11
archiviz01,3,3
archiviz01,3,4
archiviz01,3,5
archiviz01,3,6
archiviz01,3,7
archiviz01,3,8
archiviz01,3,9
archiviz01,3,10
archiviz01,3,11
archiviz02,0,3
archiviz02,0,4
archiviz02,0,5
archiviz02,0,6
archiviz02,0,7
archiviz02,0,8
archiviz02,0,9
archiviz02,0,10
archiviz02,0,11
archiviz02,1,3
archiviz02,1,4
archiviz02,1,5
archiviz02,1,6
archiviz02,1,7
archiviz02,1,8
archiviz02,1,9
archiviz02,1,10
archiviz02,1,11
archiviz02,2,3
archiviz02,2,4
archiviz02,2,5
archiviz02,2,6
archiviz02,2,7
archiviz02,2,8
archiviz02,2,9
archiviz02,2,10
archiviz02,2,11
archiviz02,3,3
archiviz02,3,4
archiviz02,3,5
archiviz02,3,6
archiviz02,3,7
archiviz02,3,8
archiviz02,3,9
archiviz02,3,10
archiviz02,3,11
array01,0,3
array01,0,4
array01,0,5
array01,0,6
array01,0,7
array01,0,8
array01,0,9
array01,0,10
array01,0,11
array01,1,3
array01,1,4
array01,1,5
array01,1,6
array01,1,7
array01,1,8
array01,1,9
array01,1,10
array01,1,11
array01,2,3
array01,2,4
array01,2,5
array01,2,6
array01,2,7
array01,2,8
array01,2,9
array01,2,10
array01,2,11
array01,3,3
array01,3,4
array01,3,5
array01,3,6
array01,3,7
array01,3,8
array01,3,9
array01,3,10
array01,3,11
array_of_cottage01,0,3
array_of_cottage01,0,4
array_of_cottage01,0,5
array_of_cottage01,0,6
array_of_cottage01,0,7
array_of_cottage01,0,8
array_of_cottage01,0,9
array_of_cottage01,0,10
array_of_cottage01,0,11
array_of_cottage01,1,3
array_of_cottage01,1,4
array_of_cottage01,1,5
array_of_cottage01,1,6
array_of_cottage01,1,7
array_of_cottage01,1,8
array_of_cottage01,1,9
array_of_cottage01,1,10
array_of_cottage01,1,11
array_of_cottage01,2,3
array_of_cottage01,2,4
array_of_cottage01,2,5
array_of_cottage01,2,6
array_of_cottage01,2,7
array_of_cottage01,2,8
array_of_cottage01,2,9
array_of_cottage01,2,10
array_of_cottage01,2,11
array_of_cottage01,3,3
array_of_cottage01,3,4
array_of_cottage01,3,5
array_of_cottage01,3,6
array_of_cottage01,3,7
array_of_cottage01,3,8
array_of_cottage01,3,9
array_of_cottage01,3,10
array_of_cottage01,3,11
art_gallery01,0,3
art_gallery01,0,4
art_gallery01,0,5
art_gallery01,0,6
art_gallery01,0,7
art_gallery01,0,8
art_gallery01,0,9
art_gallery01,0,10
art_gallery01,0,11
art_gallery01,1,3
art_gallery01,1,4
art_gallery01,1,5
art_gallery01,1,6
art_gallery01,1,7
art_gallery01,1,8
art_gallery01,1,9
art_gallery01,1,10
art_gallery01,1,11
art_gallery01,2,3
art_gallery01,2,4
art_gallery01,2,5
art_gallery01,2,6
art_gallery01,2,7
art_gallery01,2,8
art_gallery01,2,9
art_gallery01,2,10
art_gallery01,2,11
art_gallery01,3,3
art_gallery01,3,4
art_gallery01,3,5
art_gallery01,3,6
art_gallery01,3,7
art_gallery01,3,8
art_gallery01,3,9
art_gallery01,3,10
art_gallery01,3,11
attic01,0,3
attic01,0,4
attic01,0,5
attic01,0,6
attic01,0,7
attic01,0,8
attic01,0,9
attic01,0,10
attic01,0,11
attic01,1,3
attic01,1,4
attic01,1,5
attic01,1,6
attic01,1,7
attic01,1,8
attic01,1,9
attic01,1,10
attic01,1,11
attic01,2,3
attic01,2,4
attic01,2,5
attic01,2,6
attic01,2,7
attic01,2,8
attic01,2,9
attic01,2,10
attic01,2,11
attic01,3,3
attic01,3,4
attic01,3,5
attic01,3,6
attic01,3,7
attic01,3,8
attic01,3,9
attic01,3,10
attic01,3,11
barbershop01,0,3
barbershop01,0,4
barbershop01,0,5
barbershop01,0,6
barbershop01,0,7
barbershop01,0,8
barbershop01,0,9
barbershop01,0,10
barbershop01,0,11
barbershop01,1,3
barbershop01,1,4
barbershop01,1,5
barbershop01,1,6
barbershop01,1,7
barbershop01,1,8
barbershop01,1,9
barbershop01,1,10
barbershop01,1,11
barbershop01,2,3
barbershop01,2,4
barbershop01,2,5
barbershop01,2,6
barbershop01,2,7
barbershop01,2,8
barbershop01,2,9
barbershop01,2,10
barbershop01,2,11
barbershop01,3,3
barbershop01,3,4
barbershop01,3,5
barbershop01,3,6
barbershop01,3,7
barbershop01,3,8
barbershop01,3,9
barbershop01,3,10
barbershop01,3,11
barbershop02,0,3
barbershop02,0,4
barbershop02,0,5
barbershop02,0,6
barbershop02,0,7
barbershop02,0,8
barbershop02,0,9
barbershop02,0,10
barbershop02,0,11
barbershop02,1,3
barbershop02,1,4
barbershop02,1,5
barbershop02,1,6
barbershop02,1,7
barbershop02,1,8
barbershop02,1,9
barbershop02,1,10
barbershop02,1,11
barbershop02,2,3
barbershop02,2,4
barbershop02,2,5
barbershop02,2,6
barbershop02,2,7
barbershop02,2,8
barbershop02,2,9
barbershop02,2,10
barbershop02,2,11
barbershop02,3,3
barbershop02,3,4
barbershop02,3,5
barbershop02,3,6
barbershop02,3,7
barbershop02,3,8
barbershop02,3,9
barbershop02,3,10
barbershop02,3,11
bathroom01,0,3
bathroom01,0,4
bathroom01,0,5
bathroom01,0,6
bathroom01,0,7
bathroom01,0,8
bathroom01,0,9
bathroom01,0,10
bathroom01,0,11
bathroom01,1,3
bathroom01,1,4
bathroom01,1,5
bathroom01,1,6
bathroom01,1,7
bathroom01,1,8
bathroom01,1,9
bathroom01,1,10
bathroom01,1,11
bathroom01,2,3
bathroom01,2,4
bathroom01,2,5
bathroom01,2,6
bathroom01,2,7
bathroom01,2,8
bathroom01,2,9
bathroom01,2,10
bathroom01,2,11
bathroom01,3,3
bathroom01,3,4
bathroom01,3,5
bathroom01,3,6
bathroom01,3,7
bathroom01,3,8
bathroom01,3,9
bathroom01,3,10
bathroom01,3,11
bathroom02,0,3
bathroom02,0,4
bathroom02,0,5
bathroom02,0,6
bathroom02,0,7
bathroom02,0,8
bathroom02,0,9
bathroom02,0,10
bathroom02,0,11
bathroom02,1,3
bathroom02,1,4
bathroom02,1,5
bathroom02,1,6
bathroom02,1,7
bathroom02,1,8
bathroom02,1,9
bathroom02,1,10
bathroom02,1,11
bathroom02,2,3
bathroom02,2,4
bathroom02,2,5
bathroom02,2,6
bathroom02,2,7
bathroom02,2,8
bathroom02,2,9
bathroom02,2,10
bathroom02,2,11
bathroom02,3,3
bathroom02,3,4
bathroom02,3,5
bathroom02,3,6
bathroom02,3,7
bathroom02,3,8
bathroom02,3,9
bathroom02,3,10
bathroom02,3,11
bathroom03,0,3
bathroom03,0,4
bathroom03,0,5
bathroom03,0,6
bathroom03,0,7
bathroom03,0,8
bathroom03,0,9
bathroom03,0,10
bathroom03,0,11
bathroom03,1,3
bathroom03,1,4
bathroom03,1,5
bathroom03,1,6
bathroom03,1,7
bathroom03,1,8
bathroom03,1,9
bathroom03,1,10
bathroom03,1,11
bathroom03,2,3
bathroom03,2,4
bathroom03,2,5
bathroom03,2,6
bathroom03,2,7
bathroom03,2,8
bathroom03,2,9
bathroom03,2,10
bathroom03,2,11
bathroom03,3,3
bathroom03,3,4
bathroom03,3,5
bathroom03,3,6
bathroom03,3,7
bathroom03,3,8
bathroom03,3,9
bathroom03,3,10
bathroom03,3,11
bathroom06,0,3
bathroom06,0,4
bathroom06,0,5
bathroom06,0,6
bathroom06,0,7
bathroom06,0,8
bathroom06,0,9
bathroom06,0,10
bathroom06,0,11
bathroom06,1,3
bathroom06,1,4
bathroom06,1,5
bathroom06,1,6
bathroom06,1,7
bathroom06,1,8
bathroom06,1,9
bathroom06,1,10
bathroom06,1,11
bathroom06,2,3
bathroom06,2,4
bathroom06,2,5
bathroom06,2,6
bathroom06,2,7
bathroom06,2,8
bathroom06,2,9
bathroom06,2,10
bathroom06,2,11
bathroom06,3,3
bathroom06,3,4
bathroom06,3,5
bathroom06,3,6
bathroom06,3,7
bathroom06,3,8
bathroom06,3,9
bathroom06,3,10
bathroom06,3,11
bathroom07,0,3
bathroom07,0,4
bathroom07,0,5
bathroom07,0,6
bathroom07,0,7
bathroom07,0,8
bathroom07,0,9
bathroom07,0,10
bathroom07,0,11
bathroom07,1,3
bathroom07,1,4
bathroom07,1,5
bathroom07,1,6
bathroom07,1,7
bathroom07,1,8
bathroom07,1,9
bathroom07,1,10
bathroom07,1,11
bathroom07,2,3
bathroom07,2,4
bathroom07,2,5
bathroom07,2,6
bathroom07,2,7
bathroom07,2,8
bathroom07,2,9
bathroom07,2,10
bathroom07,2,11
bathroom07,3,3
bathroom07,3,4
bathroom07,3,5
bathroom07,3,6
bathroom07,3,7
bathroom07,3,8
bathroom07,3,9
bathroom07,3,10
bathroom07,3,11
bazaar01,0,3
bazaar01,0,4
bazaar01,0,5
bazaar01,0,6
bazaar01,0,7
bazaar01,0,8
bazaar01,0,9
bazaar01,0,10
bazaar01,0,11
bazaar01,1,3
bazaar01,1,4
bazaar01,1,5
bazaar01,1,6
bazaar01,1,7
bazaar01,1,8
bazaar01,1,9
bazaar01,1,10
bazaar01,1,11
bazaar01,2,3
bazaar01,2,4
bazaar01,2,5
bazaar01,2,6
bazaar01,2,7
bazaar01,2,8
bazaar01,2,9
bazaar01,2,10
bazaar01,2,11
bazaar01,3,3
bazaar01,3,4
bazaar01,3,5
bazaar01,3,6
bazaar01,3,7
bazaar01,3,8
bazaar01,3,9
bazaar01,3,10
bazaar01,3,11
bedroom01,0,3
bedroom01,0,4
bedroom01,0,5
bedroom01,0,6
bedroom01,0,7
bedroom01,0,8
bedroom01,0,9
bedroom01,0,10
bedroom01,0,11
bedroom01,1,3
bedroom01,1,4
bedroom01,1,5
bedroom01,1,6
bedroom01,1,7
bedroom01,1,8
bedroom01,1,9
bedroom01,1,10
bedroom01,1,11
bedroom01,2,3
bedroom01,2,4
bedroom01,2,5
bedroom01,2,6
bedroom01,2,7
bedroom01,2,8
bedroom01,2,9
bedroom01,2,10
bedroom01,2,11
bedroom01,3,3
bedroom01,3,4
bedroom01,3,5
bedroom01,3,6
bedroom01,3,7
bedroom01,3,8
bedroom01,3,9
bedroom01,3,10
bedroom01,3,11
bedroom04,0,3
bedroom04,0,4
bedroom04,0,5
bedroom04,0,6
bedroom04,0,7
bedroom04,0,8
bedroom04,0,9
bedroom04,0,10
bedroom04,0,11
bedroom04,1,3
bedroom04,1,4
bedroom04,1,5
bedroom04,1,6
bedroom04,1,7
bedroom04,1,8
bedroom04,1,9
bedroom04,1,10
bedroom04,1,11
bedroom04,2,3
bedroom04,2,4
bedroom04,2,5
bedroom04,2,6
bedroom04,2,7
bedroom04,2,8
bedroom04,2,9
bedroom04,2,10
bedroom04,2,11
bedroom04,3,3
bedroom04,3,4
bedroom04,3,5
bedroom04,3,6
bedroom04,3,7
bedroom04,3,8
bedroom04,3,9
bedroom04,3,10
bedroom04,3,11
blue_bathroom01,0,3
blue_bathroom01,0,4
blue_bathroom01,0,5
blue_bathroom01,0,6
blue_bathroom01,0,7
blue_bathroom01,0,8
blue_bathroom01,0,9
blue_bathroom01,0,10
blue_bathroom01,0,11
blue_bathroom01,1,3
blue_bathroom01,1,4
blue_bathroom01,1,5
blue_bathroom01,1,6
blue_bathroom01,1,7
blue_bathroom01,1,8
blue_bathroom01,1,9
blue_bathroom01,1,10
blue_bathroom01,1,11
blue_bathroom01,2,3
blue_bathroom01,2,4
blue_bathroom01,2,5
blue_bathroom01,2,6
blue_bathroom01,2,7
blue_bathroom01,2,8
blue_bathroom01,2,9
blue_bathroom01,2,10
blue_bathroom01,2,11
blue_bathroom01,3,3
blue_bathroom01,3,4
blue_bathroom01,3,5
blue_bathroom01,3,6
blue_bathroom01,3,7
blue_bathroom01,3,8
blue_bathroom01,3,9
blue_bathroom01,3,10
blue_bathroom01,3,11
broadway01,0,3
broadway01,0,4
broadway01,0,5
broadway01,0,6
broadway01,0,7
broadway01,0,8
broadway01,0,9
broadway01,0,10
broadway01,0,11
broadway01,1,3
broadway01,1,4
broadway01,1,5
broadway01,1,6
broadway01,1,7
broadway01,1,8
broadway01,1,9
broadway01,1,10
broadway01,1,11
broadway01,2,3
broadway01,2,4
broadway01,2,5
broadway01,2,6
broadway01,2,7
broadway01,2,8
broadway01,2,9
broadway01,2,10
broadway01,2,11
broadway01,3,3
broadway01,3,4
broadway01,3,5
broadway01,3,6
broadway01,3,7
broadway01,3,8
broadway01,3,9
broadway01,3,10
broadway01,3,11
building01,0,3
building01,0,4
building01,0,5
building01,0,6
building01,0,7
building01,0,8
building01,0,9
building01,0,10
building01,0,11
building01,1,3
building01,1,4
building01,1,5
building01,1,6
building01,1,7
building01,1,8
building01,1,9
building01,1,10
building01,1,11
building01,2,3
building01,2,4
building01,2,5
building01,2,6
building01,2,7
building01,2,8
building01,2,9
building01,2,10
building01,2,11
building01,3,3
building01,3,4
building01,3,5
building01,3,6
building01,3,7
building01,3,8
building01,3,9
building01,3,10
building01,3,11
building_in_desert01,0,3
building_in_desert01,0,4
building_in_desert01,0,5
building_in_desert01,0,6
building_in_desert01,0,7
building_in_desert01,0,8
building_in_desert01,0,9
building_in_desert01,0,10
building_in_desert01,0,11
building_in_desert01,1,3
building_in_desert01,1,4
building_in_desert01,1,5
building_in_desert01,1,6
building_in_desert01,1,7
building_in_desert01,1,8
building_in_desert01,1,9
building_in_desert01,1,10
building_in_desert01,1,11
building_in_desert01,2,3
building_in_desert01,2,4
building_in_desert01,2,5
building_in_desert01,2,6
building_in_desert01,2,7
building_in_desert01,2,8
building_in_desert01,2,9
building_in_desert01,2,10
building_in_desert01,2,11
building_in_desert01,3,3
building_in_desert01,3,4
building_in_desert01,3,5
building_in_desert01,3,6
building_in_desert01,3,7
building_in_desert01,3,8
building_in_desert01,3,9
building_in_desert01,3,10
building_in_desert01,3,11
burj_khalifa01,0,3
burj_khalifa01,0,4
burj_khalifa01,0,5
burj_khalifa01,0,6
burj_khalifa01,0,7
burj_khalifa01,0,8
burj_khalifa01,0,9
burj_khalifa01,0,10
burj_khalifa01,0,11
burj_khalifa01,1,3
burj_khalifa01,1,4
burj_khalifa01,1,5
burj_khalifa01,1,6
burj_khalifa01,1,7
burj_khalifa01,1,8
burj_khalifa01,1,9
burj_khalifa01,1,10
burj_khalifa01,1,11
burj_khalifa01,2,3
burj_khalifa01,2,4
burj_khalifa01,2,5
burj_khalifa01,2,6
burj_khalifa01,2,7
burj_khalifa01,2,8
burj_khalifa01,2,9
burj_khalifa01,2,10
burj_khalifa01,2,11
burj_khalifa01,3,3
burj_khalifa01,3,4
burj_khalifa01,3,5
burj_khalifa01,3,6
burj_khalifa01,3,7
burj_khalifa01,3,8
burj_khalifa01,3,9
burj_khalifa01,3,10
burj_khalifa01,3,11
cherry_lake01,0,3
cherry_lake01,0,4
cherry_lake01,0,5
cherry_lake01,0,6
cherry_lake01,0,7
cherry_lake01,0,8
cherry_lake01,0,9
cherry_lake01,0,10
cherry_lake01,0,11
cherry_lake01,1,3
cherry_lake01,1,4
cherry_lake01,1,5
cherry_lake01,1,6
cherry_lake01,1,7
cherry_lake01,1,8
cherry_lake01,1,9
cherry_lake01,1,10
cherry_lake01,1,11
cherry_lake01,2,3
cherry_lake01,2,4
cherry_lake01,2,5
cherry_lake01,2,6
cherry_lake01,2,7
cherry_lake01,2,8
cherry_lake01,2,9
cherry_lake01,2,10
cherry_lake01,2,11
cherry_lake01,3,3
cherry_lake01,3,4
cherry_lake01,3,5
cherry_lake01,3,6
cherry_lake01,3,7
cherry_lake01,3,8
cherry_lake01,3,9
cherry_lake01,3,10
cherry_lake01,3,11
christmas_city01,0,3
christmas_city01,0,4
christmas_city01,0,5
christmas_city01,0,6
christmas_city01,0,7
christmas_city01,0,8
christmas_city01,0,9
christmas_city01,0,10
christmas_city01,0,11
christmas_city01,1,3
christmas_city01,1,4
christmas_city01,1,5
christmas_city01,1,6
christmas_city01,1,7
christmas_city01,1,8
christmas_city01,1,9
christmas_city01,1,10
christmas_city01,1,11
christmas_city01,2,3
christmas_city01,2,4
christmas_city01,2,5
christmas_city01,2,6
christmas_city01,2,7
christmas_city01,2,8
christmas_city01,2,9
christmas_city01,2,10
christmas_city01,2,11
christmas_city01,3,3
christmas_city01,3,4
christmas_city01,3,5
christmas_city01,3,6
christmas_city01,3,7
christmas_city01,3,8
christmas_city01,3,9
christmas_city01,3,10
christmas_city01,3,11
church01,0,3
church01,0,4
church01,0,5
church01,0,6
church01,0,7
church01,0,8
church01,0,9
church01,0,10
church01,0,11
church01,1,3
church01,1,4
church01,1,5
church01,1,6
church01,1,7
church01,1,8
church01,1,9
church01,1,10
church01,1,11
church01,2,3
church01,2,4
church01,2,5
church01,2,6
church01,2,7
church01,2,8
church01,2,9
church01,2,10
church01,2,11
church01,3,3
church01,3,4
church01,3,5
church01,3,6
church01,3,7
church01,3,8
church01,3,9
church01,3,10
church01,3,11
city_model01,0,3
city_model01,0,4
city_model01,0,5
city_model01,0,6
city_model01,0,7
city_model01,0,8
city_model01,0,9
city_model01,0,10
city_model01,0,11
city_model01,1,3
city_model01,1,4
city_model01,1,5
city_model01,1,6
city_model01,1,7
city_model01,1,8
city_model01,1,9
city_model01,1,10
city_model01,1,11
city_model01,2,3
city_model01,2,4
city_model01,2,5
city_model01,2,6
city_model01,2,7
city_model01,2,8
city_model01,2,9
city_model01,2,10
city_model01,2,11
city_model01,3,3
city_model01,3,4
city_model01,3,5
city_model01,3,6
city_model01,3,7
city_model01,3,8
city_model01,3,9
city_model01,3,10
city_model01,3,11
cityscape01,0,3
cityscape01,0,4
cityscape01,0,5
cityscape01,0,6
cityscape01,0,7
cityscape01,0,8
cityscape01,0,9
cityscape01,0,10
cityscape01,0,11
cityscape01,1,3
cityscape01,1,4
cityscape01,1,5
cityscape01,1,6
cityscape01,1,7
cityscape01,1,8
cityscape01,1,9
cityscape01,1,10
cityscape01,1,11
cityscape01,2,3
cityscape01,2,4
cityscape01,2,5
cityscape01,2,6
cityscape01,2,7
cityscape01,2,8
cityscape01,2,9
cityscape01,2,10
cityscape01,2,11
cityscape01,3,3
cityscape01,3,4
cityscape01,3,5
cityscape01,3,6
cityscape01,3,7
cityscape01,3,8
cityscape01,3,9
cityscape01,3,10
cityscape01,3,11
classroom01,0,3
classroom01,0,4
classroom01,0,5
classroom01,0,6
classroom01,0,7
classroom01,0,8
classroom01,0,9
classroom01,0,10
classroom01,0,11
classroom01,1,3
classroom01,1,4
classroom01,1,5
classroom01,1,6
classroom01,1,7
classroom01,1,8
classroom01,1,9
classroom01,1,10
classroom01,1,11
classroom01,2,3
classroom01,2,4
classroom01,2,5
classroom01,2,6
classroom01,2,7
classroom01,2,8
classroom01,2,9
classroom01,2,10
classroom01,2,11
classroom01,3,3
classroom01,3,4
classroom01,3,5
classroom01,3,6
classroom01,3,7
classroom01,3,8
classroom01,3,9
classroom01,3,10
classroom01,3,11
classroom02,0,3
classroom02,0,4
classroom02,0,5
classroom02,0,6
classroom02,0,7
classroom02,0,8
classroom02,0,9
classroom02,0,10
classroom02,0,11
classroom02,1,3
classroom02,1,4
classroom02,1,5
classroom02,1,6
classroom02,1,7
classroom02,1,8
classroom02,1,9
classroom02,1,10
classroom02,1,11
classroom02,2,3
classroom02,2,4
classroom02,2,5
classroom02,2,6
classroom02,2,7
classroom02,2,8
classroom02,2,9
classroom02,2,10
classroom02,2,11
classroom02,3,3
classroom02,3,4
classroom02,3,5
classroom02,3,6
classroom02,3,7
classroom02,3,8
classroom02,3,9
classroom02,3,10
classroom02,3,11
classroom03,0,3
classroom03,0,4
classroom03,0,5
classroom03,0,6
classroom03,0,7
classroom03,0,8
classroom03,0,9
classroom03,0,10
classroom03,0,11
classroom03,1,3
classroom03,1,4
classroom03,1,5
classroom03,1,6
classroom03,1,7
classroom03,1,8
classroom03,1,9
classroom03,1,10
classroom03,1,11
classroom03,2,3
classroom03,2,4
classroom03,2,5
classroom03,2,6
classroom03,2,7
classroom03,2,8
classroom03,2,9
classroom03,2,10
classroom03,2,11
classroom03,3,3
classroom03,3,4
classroom03,3,5
classroom03,3,6
classroom03,3,7
classroom03,3,8
classroom03,3,9
classroom03,3,10
classroom03,3,11
classroom04,0,3
classroom04,0,4
classroom04,0,5
classroom04,0,6
classroom04,0,7
classroom04,0,8
classroom04,0,9
classroom04,0,10
classroom04,0,11
classroom04,1,3
classroom04,1,4
classroom04,1,5
classroom04,1,6
classroom04,1,7
classroom04,1,8
classroom04,1,9
classroom04,1,10
classroom04,1,11
classroom04,2,3
classroom04,2,4
classroom04,2,5
classroom04,2,6
classroom04,2,7
classroom04,2,8
classroom04,2,9
classroom04,2,10
classroom04,2,11
classroom04,3,3
classroom04,3,4
classroom04,3,5
classroom04,3,6
classroom04,3,7
classroom04,3,8
classroom04,3,9
classroom04,3,10
classroom04,3,11
cliff01,0,3
cliff01,0,4
cliff01,0,5
cliff01,0,6
cliff01,0,7
cliff01,0,8
cliff01,0,9
cliff01,0,10
cliff01,0,11
cliff01,1,3
cliff01,1,4
cliff01,1,5
cliff01,1,6
cliff01,1,7
cliff01,1,8
cliff01,1,9
cliff01,1,10
cliff01,1,11
cliff01,2,3
cliff01,2,4
cliff01,2,5
cliff01,2,6
cliff01,2,7
cliff01,2,8
cliff01,2,9
cliff01,2,10
cliff01,2,11
cliff01,3,3
cliff01,3,4
cliff01,3,5
cliff01,3,6
cliff01,3,7
cliff01,3,8
cliff01,3,9
cliff01,3,10
cliff01,3,11
cliff_house01,0,3
cliff_house01,0,4
cliff_house01,0,5
cliff_house01,0,6
cliff_house01,0,7
cliff_house01,0,8
cliff_house01,0,9
cliff_house01,0,10
cliff_house01,0,11
cliff_house01,1,3
cliff_house01,1,4
cliff_house01,1,5
cliff_house01,1,6
cliff_house01,1,7
cliff_house01,1,8
cliff_house01,1,9
cliff_house01,1,10
cliff_house01,1,11
cliff_house01,2,3
cliff_house01,2,4
cliff_house01,2,5
cliff_house01,2,6
cliff_house01,2,7
cliff_house01,2,8
cliff_house01,2,9
cliff_house01,2,10
cliff_house01,2,11
cliff_house01,3,3
cliff_house01,3,4
cliff_house01,3,5
cliff_house01,3,6
cliff_house01,3,7
cliff_house01,3,8
cliff_house01,3,9
cliff_house01,3,10
cliff_house01,3,11
cottage01,0,3
cottage01,0,4
cottage01,0,5
cottage01,0,6
cottage01,0,7
cottage01,0,8
cottage01,0,9
cottage01,0,10
cottage01,0,11
cottage01,1,3
cottage01,1,4
cottage01,1,5
cottage01,1,6
cottage01,1,7
cottage01,1,8
cottage01,1,9
cottage01,1,10
cottage01,1,11
cottage01,2,3
cottage01,2,4
cottage01,2,5
cottage01,2,6
cottage01,2,7
cottage01,2,8
cottage01,2,9
cottage01,2,10
cottage01,2,11
cottage01,3,3
cottage01,3,4
cottage01,3,5
cottage01,3,6
cottage01,3,7
cottage01,3,8
cottage01,3,9
cottage01,3,10
cottage01,3,11
country_cottage_house01,0,3
country_cottage_house01,0,4
country_cottage_house01,0,5
country_cottage_house01,0,6
country_cottage_house01,0,7
country_cottage_house01,0,8
country_cottage_house01,0,9
country_cottage_house01,0,10
country_cottage_house01,0,11
country_cottage_house01,1,3
country_cottage_house01,1,4
country_cottage_house01,1,5
country_cottage_house01,1,6
country_cottage_house01,1,7
country_cottage_house01,1,8
country_cottage_house01,1,9
country_cottage_house01,1,10
country_cottage_house01,1,11
country_cottage_house01,2,3
country_cottage_house01,2,4
country_cottage_house01,2,5
country_cottage_house01,2,6
country_cottage_house01,2,7
country_cottage_house01,2,8
country_cottage_house01,2,9
country_cottage_house01,2,10
country_cottage_house01,2,11
country_cottage_house01,3,3
country_cottage_house01,3,4
country_cottage_house01,3,5
country_cottage_house01,3,6
country_cottage_house01,3,7
country_cottage_house01,3,8
country_cottage_house01,3,9
country_cottage_house01,3,10
country_cottage_house01,3,11
deer_head01,0,3
deer_head01,0,4
deer_head01,0,5
deer_head01,0,6
deer_head01,0,7
deer_head01,0,8
deer_head01,0,9
deer_head01,0,10
deer_head01,0,11
deer_head01,1,3
deer_head01,1,4
deer_head01,1,5
deer_head01,1,6
deer_head01,1,7
deer_head01,1,8
deer_head01,1,9
deer_head01,1,10
deer_head01,1,11
deer_head01,2,3
deer_head01,2,4
deer_head01,2,5
deer_head01,2,6
deer_head01,2,7
deer_head01,2,8
deer_head01,2,9
deer_head01,2,10
deer_head01,2,11
deer_head01,3,3
deer_head01,3,4
deer_head01,3,5
deer_head01,3,6
deer_head01,3,7
deer_head01,3,8
deer_head01,3,9
deer_head01,3,10
deer_head01,3,11
family_house01,0,3
family_house01,0,4
family_house01,0,5
family_house01,0,6
family_house01,0,7
family_house01,0,8
family_house01,0,9
family_house01,0,10
family_house01,0,11
family_house01,1,3
family_house01,1,4
family_house01,1,5
family_house01,1,6
family_house01,1,7
family_house01,1,8
family_house01,1,9
family_house01,1,10
family_house01,1,11
family_house01,2,3
family_house01,2,4
family_house01,2,5
family_house01,2,6
family_house01,2,7
family_house01,2,8
family_house01,2,9
family_house01,2,10
family_house01,2,11
family_house01,3,3
family_house01,3,4
family_house01,3,5
family_house01,3,6
family_house01,3,7
family_house01,3,8
family_house01,3,9
family_house01,3,10
family_house01,3,11
fantasy_deutch_scene01,0,3
fantasy_deutch_scene01,0,4
fantasy_deutch_scene01,0,5
fantasy_deutch_scene01,0,6
fantasy_deutch_scene01,0,7
fantasy_deutch_scene01,0,8
fantasy_deutch_scene01,0,9
fantasy_deutch_scene01,0,10
fantasy_deutch_scene01,0,11
fantasy_deutch_scene01,1,3
fantasy_deutch_scene01,1,4
fantasy_deutch_scene01,1,5
fantasy_deutch_scene01,1,6
fantasy_deutch_scene01,1,7
fantasy_deutch_scene01,1,8
fantasy_deutch_scene01,1,9
fantasy_deutch_scene01,1,10
fantasy_deutch_scene01,1,11
fantasy_deutch_scene01,2,3
fantasy_deutch_scene01,2,4
fantasy_deutch_scene01,2,5
fantasy_deutch_scene01,2,6
fantasy_deutch_scene01,2,7
fantasy_deutch_scene01,2,8
fantasy_deutch_scene01,2,9
fantasy_deutch_scene01,2,10
fantasy_deutch_scene01,2,11
fantasy_deutch_scene01,3,3
fantasy_deutch_scene01,3,4
fantasy_deutch_scene01,3,5
fantasy_deutch_scene01,3,6
fantasy_deutch_scene01,3,7
fantasy_deutch_scene01,3,8
fantasy_deutch_scene01,3,9
fantasy_deutch_scene01,3,10
fantasy_deutch_scene01,3,11
future_apartment01,0,3
future_apartment01,0,4
future_apartment01,0,5
future_apartment01,0,6
future_apartment01,0,7
future_apartment01,0,8
future_apartment01,0,9
future_apartment01,0,10
future_apartment01,0,11
future_apartment01,1,3
future_apartment01,1,4
future_apartment01,1,5
future_apartment01,1,6
future_apartment01,1,7
future_apartment01,1,8
future_apartment01,1,9
future_apartment01,1,10
future_apartment01,1,11
future_apartment01,2,3
future_apartment01,2,4
future_apartment01,2,5
future_apartment01,2,6
future_apartment01,2,7
future_apartment01,2,8
future_apartment01,2,9
future_apartment01,2,10
future_apartment01,2,11
future_apartment01,3,3
future_apartment01,3,4
future_apartment01,3,5
future_apartment01,3,6
future_apartment01,3,7
future_apartment01,3,8
future_apartment01,3,9
future_apartment01,3,10
future_apartment01,3,11
garden01,0,3
garden01,0,4
garden01,0,5
garden01,0,6
garden01,0,7
garden01,0,8
garden01,0,9
garden01,0,10
garden01,0,11
garden01,1,3
garden01,1,4
garden01,1,5
garden01,1,6
garden01,1,7
garden01,1,8
garden01,1,9
garden01,1,10
garden01,1,11
garden01,2,3
garden01,2,4
garden01,2,5
garden01,2,6
garden01,2,7
garden01,2,8
garden01,2,9
garden01,2,10
garden01,2,11
garden01,3,3
garden01,3,4
garden01,3,5
garden01,3,6
garden01,3,7
garden01,3,8
garden01,3,9
garden01,3,10
garden01,3,11
garden03,0,3
garden03,0,4
garden03,0,5
garden03,0,6
garden03,0,7
garden03,0,8
garden03,0,9
garden03,0,10
garden03,0,11
garden03,1,3
garden03,1,4
garden03,1,5
garden03,1,6
garden03,1,7
garden03,1,8
garden03,1,9
garden03,1,10
garden03,1,11
garden03,2,3
garden03,2,4
garden03,2,5
garden03,2,6
garden03,2,7
garden03,2,8
garden03,2,9
garden03,2,10
garden03,2,11
garden03,3,3
garden03,3,4
garden03,3,5
garden03,3,6
garden03,3,7
garden03,3,8
garden03,3,9
garden03,3,10
garden03,3,11
garden_house01,0,3
garden_house01,0,4
garden_house01,0,5
garden_house01,0,6
garden_house01,0,7
garden_house01,0,8
garden_house01,0,9
garden_house01,0,10
garden_house01,0,11
garden_house01,1,3
garden_house01,1,4
garden_house01,1,5
garden_house01,1,6
garden_house01,1,7
garden_house01,1,8
garden_house01,1,9
garden_house01,1,10
garden_house01,1,11
garden_house01,2,3
garden_house01,2,4
garden_house01,2,5
garden_house01,2,6
garden_house01,2,7
garden_house01,2,8
garden_house01,2,9
garden_house01,2,10
garden_house01,2,11
garden_house01,3,3
garden_house01,3,4
garden_house01,3,5
garden_house01,3,6
garden_house01,3,7
garden_house01,3,8
garden_house01,3,9
garden_house01,3,10
garden_house01,3,11
generator_shed01,0,3
generator_shed01,0,4
generator_shed01,0,5
generator_shed01,0,6
generator_shed01,0,7
generator_shed01,0,8
generator_shed01,0,9
generator_shed01,0,10
generator_shed01,0,11
generator_shed01,1,3
generator_shed01,1,4
generator_shed01,1,5
generator_shed01,1,6
generator_shed01,1,7
generator_shed01,1,8
generator_shed01,1,9
generator_shed01,1,10
generator_shed01,1,11
generator_shed01,2,3
generator_shed01,2,4
generator_shed01,2,5
generator_shed01,2,6
generator_shed01,2,7
generator_shed01,2,8
generator_shed01,2,9
generator_shed01,2,10
generator_shed01,2,11
generator_shed01,3,3
generator_shed01,3,4
generator_shed01,3,5
generator_shed01,3,6
generator_shed01,3,7
generator_shed01,3,8
generator_shed01,3,9
generator_shed01,3,10
generator_shed01,3,11
hobbit_house01,0,3
hobbit_house01,0,4
hobbit_house01,0,5
hobbit_house01,0,6
hobbit_house01,0,7
hobbit_house01,0,8
hobbit_house01,0,9
hobbit_house01,0,10
hobbit_house01,0,11
hobbit_house01,1,3
hobbit_house01,1,4
hobbit_house01,1,5
hobbit_house01,1,6
hobbit_house01,1,7
hobbit_house01,1,8
hobbit_house01,1,9
hobbit_house01,1,10
hobbit_house01,1,11
hobbit_house01,2,3
hobbit_house01,2,4
hobbit_house01,2,5
hobbit_house01,2,6
hobbit_house01,2,7
hobbit_house01,2,8
hobbit_house01,2,9
hobbit_house01,2,10
hobbit_house01,2,11
hobbit_house01,3,3
hobbit_house01,3,4
hobbit_house01,3,5
hobbit_house01,3,6
hobbit_house01,3,7
hobbit_house01,3,8
hobbit_house01,3,9
hobbit_house01,3,10
hobbit_house01,3,11
home_office01,0,3
home_office01,0,4
home_office01,0,5
home_office01,0,6
home_office01,0,7
home_office01,0,8
home_office01,0,9
home_office01,0,10
home_office01,0,11
home_office01,1,3
home_office01,1,4
home_office01,1,5
home_office01,1,6
home_office01,1,7
home_office01,1,8
home_office01,1,9
home_office01,1,10
home_office01,1,11
home_office01,2,3
home_office01,2,4
home_office01,2,5
home_office01,2,6
home_office01,2,7
home_office01,2,8
home_office01,2,9
home_office01,2,10
home_office01,2,11
home_office01,3,3
home_office01,3,4
home_office01,3,5
home_office01,3,6
home_office01,3,7
home_office01,3,8
home_office01,3,9
home_office01,3,10
home_office01,3,11
home_office02,0,3
home_office02,0,4
home_office02,0,5
home_office02,0,6
home_office02,0,7
home_office02,0,8
home_office02,0,9
home_office02,0,10
home_office02,0,11
home_office02,1,3
home_office02,1,4
home_office02,1,5
home_office02,1,6
home_office02,1,7
home_office02,1,8
home_office02,1,9
home_office02,1,10
home_office02,1,11
home_office02,2,3
home_office02,2,4
home_office02,2,5
home_office02,2,6
home_office02,2,7
home_office02,2,8
home_office02,2,9
home_office02,2,10
home_office02,2,11
home_office02,3,3
home_office02,3,4
home_office02,3,5
home_office02,3,6
home_office02,3,7
home_office02,3,8
home_office02,3,9
home_office02,3,10
home_office02,3,11
home_system01,0,3
home_system01,0,4
home_system01,0,5
home_system01,0,6
home_system01,0,7
home_system01,0,8
home_system01,0,9
home_system01,0,10
home_system01,0,11
home_system01,1,3
home_system01,1,4
home_system01,1,5
home_system01,1,6
home_system01,1,7
home_system01,1,8
home_system01,1,9
home_system01,1,10
home_system01,1,11
home_system01,2,3
home_system01,2,4
home_system01,2,5
home_system01,2,6
home_system01,2,7
home_system01,2,8
home_system01,2,9
home_system01,2,10
home_system01,2,11
home_system01,3,3
home_system01,3,4
home_system01,3,5
home_system01,3,6
home_system01,3,7
home_system01,3,8
home_system01,3,9
home_system01,3,10
home_system01,3,11
house01,0,3
house01,0,4
house01,0,5
house01,0,6
house01,0,7
house01,0,8
house01,0,9
house01,0,10
house01,0,11
house01,1,3
house01,1,4
house01,1,5
house01,1,6
house01,1,7
house01,1,8
house01,1,9
house01,1,10
house01,1,11
house01,2,3
house01,2,4
house01,2,5
house01,2,6
house01,2,7
house01,2,8
house01,2,9
house01,2,10
house01,2,11
house01,3,3
house01,3,4
house01,3,5
house01,3,6
house01,3,7
house01,3,8
house01,3,9
house01,3,10
house01,3,11
house02,0,3
house02,0,4
house02,0,5
house02,0,6
house02,0,7
house02,0,8
house02,0,9
house02,0,10
house02,0,11
house02,1,3
house02,1,4
house02,1,5
house02,1,6
house02,1,7
house02,1,8
house02,1,9
house02,1,10
house02,1,11
house02,2,3
house02,2,4
house02,2,5
house02,2,6
house02,2,7
house02,2,8
house02,2,9
house02,2,10
house02,2,11
house02,3,3
house02,3,4
house02,3,5
house02,3,6
house02,3,7
house02,3,8
house02,3,9
house02,3,10
house02,3,11
house03,0,3
house03,0,4
house03,0,5
house03,0,6
house03,0,7
house03,0,8
house03,0,9
house03,0,10
house03,0,11
house03,1,3
house03,1,4
house03,1,5
house03,1,6
house03,1,7
house03,1,8
house03,1,9
house03,1,10
house03,1,11
house03,2,3
house03,2,4
house03,2,5
house03,2,6
house03,2,7
house03,2,8
house03,2,9
house03,2,10
house03,2,11
house03,3,3
house03,3,4
house03,3,5
house03,3,6
house03,3,7
house03,3,8
house03,3,9
house03,3,10
house03,3,11
house04,0,3
house04,0,4
house04,0,5
house04,0,6
house04,0,7
house04,0,8
house04,0,9
house04,0,10
house04,0,11
house04,1,3
house04,1,4
house04,1,5
house04,1,6
house04,1,7
house04,1,8
house04,1,9
house04,1,10
house04,1,11
house04,2,3
house04,2,4
house04,2,5
house04,2,6
house04,2,7
house04,2,8
house04,2,9
house04,2,10
house04,2,11
house04,3,3
house04,3,4
house04,3,5
house04,3,6
house04,3,7
house04,3,8
house04,3,9
house04,3,10
house04,3,11
house05,0,3
house05,0,4
house05,0,5
house05,0,6
house05,0,7
house05,0,8
house05,0,9
house05,0,10
house05,0,11
house05,1,3
house05,1,4
house05,1,5
house05,1,6
house05,1,7
house05,1,8
house05,1,9
house05,1,10
house05,1,11
house05,2,3
house05,2,4
house05,2,5
house05,2,6
house05,2,7
house05,2,8
house05,2,9
house05,2,10
house05,2,11
house05,3,3
house05,3,4
house05,3,5
house05,3,6
house05,3,7
house05,3,8
house05,3,9
house05,3,10
house05,3,11
house06,0,3
house06,0,4
house06,0,5
house06,0,6
house06,0,7
house06,0,8
house06,0,9
house06,0,10
house06,0,11
house06,1,3
house06,1,4
house06,1,5
house06,1,6
house06,1,7
house06,1,8
house06,1,9
house06,1,10
house06,1,11
house06,2,3
house06,2,4
house06,2,5
house06,2,6
house06,2,7
house06,2,8
house06,2,9
house06,2,10
house06,2,11
house06,3,3
house06,3,4
house06,3,5
house06,3,6
house06,3,7
house06,3,8
house06,3,9
house06,3,10
house06,3,11
interior01,0,3
interior01,0,4
interior01,0,5
interior01,0,6
interior01,0,7
interior01,0,8
interior01,0,9
interior01,0,10
interior01,0,11
interior01,1,3
interior01,1,4
interior01,1,5
interior01,1,6
interior01,1,7
interior01,1,8
interior01,1,9
interior01,1,10
interior01,1,11
interior01,2,3
interior01,2,4
interior01,2,5
interior01,2,6
interior01,2,7
interior01,2,8
interior01,2,9
interior01,2,10
interior01,2,11
interior01,3,3
interior01,3,4
interior01,3,5
interior01,3,6
interior01,3,7
interior01,3,8
interior01,3,9
interior01,3,10
interior01,3,11
japan_school01,0,3
japan_school01,0,4
japan_school01,0,5
japan_school01,0,6
japan_school01,0,7
japan_school01,0,8
japan_school01,0,9
japan_school01,0,10
japan_school01,0,11
japan_school01,1,3
japan_school01,1,4
japan_school01,1,5
japan_school01,1,6
japan_school01,1,7
japan_school01,1,8
japan_school01,1,9
japan_school01,1,10
japan_school01,1,11
japan_school01,2,3
japan_school01,2,4
japan_school01,2,5
japan_school01,2,6
japan_school01,2,7
japan_school01,2,8
japan_school01,2,9
japan_school01,2,10
japan_school01,2,11
japan_school01,3,3
japan_school01,3,4
japan_school01,3,5
japan_school01,3,6
japan_school01,3,7
japan_school01,3,8
japan_school01,3,9
japan_school01,3,10
japan_school01,3,11
juice_bar01,0,3
juice_bar01,0,4
juice_bar01,0,5
juice_bar01,0,6
juice_bar01,0,7
juice_bar01,0,8
juice_bar01,0,9
juice_bar01,0,10
juice_bar01,0,11
juice_bar01,1,3
juice_bar01,1,4
juice_bar01,1,5
juice_bar01,1,6
juice_bar01,1,7
juice_bar01,1,8
juice_bar01,1,9
juice_bar01,1,10
juice_bar01,1,11
juice_bar01,2,3
juice_bar01,2,4
juice_bar01,2,5
juice_bar01,2,6
juice_bar01,2,7
juice_bar01,2,8
juice_bar01,2,9
juice_bar01,2,10
juice_bar01,2,11
juice_bar01,3,3
juice_bar01,3,4
juice_bar01,3,5
juice_bar01,3,6
juice_bar01,3,7
juice_bar01,3,8
juice_bar01,3,9
juice_bar01,3,10
juice_bar01,3,11
kitchen01,0,3
kitchen01,0,4
kitchen01,0,5
kitchen01,0,6
kitchen01,0,7
kitchen01,0,8
kitchen01,0,9
kitchen01,0,10
kitchen01,0,11
kitchen01,1,3
kitchen01,1,4
kitchen01,1,5
kitchen01,1,6
kitchen01,1,7
kitchen01,1,8
kitchen01,1,9
kitchen01,1,10
kitchen01,1,11
kitchen01,2,3
kitchen01,2,4
kitchen01,2,5
kitchen01,2,6
kitchen01,2,7
kitchen01,2,8
kitchen01,2,9
kitchen01,2,10
kitchen01,2,11
kitchen01,3,3
kitchen01,3,4
kitchen01,3,5
kitchen01,3,6
kitchen01,3,7
kitchen01,3,8
kitchen01,3,9
kitchen01,3,10
kitchen01,3,11
kitchen02,0,3
kitchen02,0,4
kitchen02,0,5
kitchen02,0,6
kitchen02,0,7
kitchen02,0,8
kitchen02,0,9
kitchen02,0,10
kitchen02,0,11
kitchen02,1,3
kitchen02,1,4
kitchen02,1,5
kitchen02,1,6
kitchen02,1,7
kitchen02,1,8
kitchen02,1,9
kitchen02,1,10
kitchen02,1,11
kitchen02,2,3
kitchen02,2,4
kitchen02,2,5
kitchen02,2,6
kitchen02,2,7
kitchen02,2,8
kitchen02,2,9
kitchen02,2,10
kitchen02,2,11
kitchen02,3,3
kitchen02,3,4
kitchen02,3,5
kitchen02,3,6
kitchen02,3,7
kitchen02,3,8
kitchen02,3,9
kitchen02,3,10
kitchen02,3,11
kitchen03,0,3
kitchen03,0,4
kitchen03,0,5
kitchen03,0,6
kitchen03,0,7
kitchen03,0,8
kitchen03,0,9
kitchen03,0,10
kitchen03,0,11
kitchen03,1,3
kitchen03,1,4
kitchen03,1,5
kitchen03,1,6
kitchen03,1,7
kitchen03,1,8
kitchen03,1,9
kitchen03,1,10
kitchen03,1,11
kitchen03,2,3
kitchen03,2,4
kitchen03,2,5
kitchen03,2,6
kitchen03,2,7
kitchen03,2,8
kitchen03,2,9
kitchen03,2,10
kitchen03,2,11
kitchen03,3,3
kitchen03,3,4
kitchen03,3,5
kitchen03,3,6
kitchen03,3,7
kitchen03,3,8
kitchen03,3,9
kitchen03,3,10
kitchen03,3,11
kitchen08,0,3
kitchen08,0,4
kitchen08,0,5
kitchen08,0,6
kitchen08,0,7
kitchen08,0,8
kitchen08,0,9
kitchen08,0,10
kitchen08,0,11
kitchen08,1,3
kitchen08,1,4
kitchen08,1,5
kitchen08,1,6
kitchen08,1,7
kitchen08,1,8
kitchen08,1,9
kitchen08,1,10
kitchen08,1,11
kitchen08,2,3
kitchen08,2,4
kitchen08,2,5
kitchen08,2,6
kitchen08,2,7
kitchen08,2,8
kitchen08,2,9
kitchen08,2,10
kitchen08,2,11
kitchen08,3,3
kitchen08,3,4
kitchen08,3,5
kitchen08,3,6
kitchen08,3,7
kitchen08,3,8
kitchen08,3,9
kitchen08,3,10
kitchen08,3,11
lab01,0,3
lab01,0,4
lab01,0,5
lab01,0,6
lab01,0,7
lab01,0,8
lab01,0,9
lab01,0,10
lab01,0,11
lab01,1,3
lab01,1,4
lab01,1,5
lab01,1,6
lab01,1,7
lab01,1,8
lab01,1,9
lab01,1,10
lab01,1,11
lab01,2,3
lab01,2,4
lab01,2,5
lab01,2,6
lab01,2,7
lab01,2,8
lab01,2,9
lab01,2,10
lab01,2,11
lab01,3,3
lab01,3,4
lab01,3,5
lab01,3,6
lab01,3,7
lab01,3,8
lab01,3,9
lab01,3,10
lab01,3,11
lake01,0,3
lake01,0,4
lake01,0,5
lake01,0,6
lake01,0,7
lake01,0,8
lake01,0,9
lake01,0,10
lake01,0,11
lake01,1,3
lake01,1,4
lake01,1,5
lake01,1,6
lake01,1,7
lake01,1,8
lake01,1,9
lake01,1,10
lake01,1,11
lake01,2,3
lake01,2,4
lake01,2,5
lake01,2,6
lake01,2,7
lake01,2,8
lake01,2,9
lake01,2,10
lake01,2,11
lake01,3,3
lake01,3,4
lake01,3,5
lake01,3,6
lake01,3,7
lake01,3,8
lake01,3,9
lake01,3,10
lake01,3,11
lake02,0,3
lake02,0,4
lake02,0,5
lake02,0,6
lake02,0,7
lake02,0,8
lake02,0,9
lake02,0,10
lake02,0,11
lake02,1,3
lake02,1,4
lake02,1,5
lake02,1,6
lake02,1,7
lake02,1,8
lake02,1,9
lake02,1,10
lake02,1,11
lake02,2,3
lake02,2,4
lake02,2,5
lake02,2,6
lake02,2,7
lake02,2,8
lake02,2,9
lake02,2,10
lake02,2,11
lake02,3,3
lake02,3,4
lake02,3,5
lake02,3,6
lake02,3,7
lake02,3,8
lake02,3,9
lake02,3,10
lake02,3,11
lake03,0,3
lake03,0,4
lake03,0,5
lake03,0,6
lake03,0,7
lake03,0,8
lake03,0,9
lake03,0,10
lake03,0,11
lake03,1,3
lake03,1,4
lake03,1,5
lake03,1,6
lake03,1,7
lake03,1,8
lake03,1,9
lake03,1,10
lake03,1,11
lake03,2,3
lake03,2,4
lake03,2,5
lake03,2,6
lake03,2,7
lake03,2,8
lake03,2,9
lake03,2,10
lake03,2,11
lake03,3,3
lake03,3,4
lake03,3,5
lake03,3,6
lake03,3,7
lake03,3,8
lake03,3,9
lake03,3,10
lake03,3,11
liberty01,0,3
liberty01,0,4
liberty01,0,5
liberty01,0,6
liberty01,0,7
liberty01,0,8
liberty01,0,9
liberty01,0,10
liberty01,0,11
liberty01,1,3
liberty01,1,4
liberty01,1,5
liberty01,1,6
liberty01,1,7
liberty01,1,8
liberty01,1,9
liberty01,1,10
liberty01,1,11
liberty01,2,3
liberty01,2,4
liberty01,2,5
liberty01,2,6
liberty01,2,7
liberty01,2,8
liberty01,2,9
liberty01,2,10
liberty01,2,11
liberty01,3,3
liberty01,3,4
liberty01,3,5
liberty01,3,6
liberty01,3,7
liberty01,3,8
liberty01,3,9
liberty01,3,10
liberty01,3,11
library01,0,3
library01,0,4
library01,0,5
library01,0,6
library01,0,7
library01,0,8
library01,0,9
library01,0,10
library01,0,11
library01,1,3
library01,1,4
library01,1,5
library01,1,6
library01,1,7
library01,1,8
library01,1,9
library01,1,10
library01,1,11
library01,2,3
library01,2,4
library01,2,5
library01,2,6
library01,2,7
library01,2,8
library01,2,9
library01,2,10
library01,2,11
library01,3,3
library01,3,4
library01,3,5
library01,3,6
library01,3,7
library01,3,8
library01,3,9
library01,3,10
library01,3,11
library02,0,3
library02,0,4
library02,0,5
library02,0,6
library02,0,7
library02,0,8
library02,0,9
library02,0,10
library02,0,11
library02,1,3
library02,1,4
library02,1,5
library02,1,6
library02,1,7
library02,1,8
library02,1,9
library02,1,10
library02,1,11
library02,2,3
library02,2,4
library02,2,5
library02,2,6
library02,2,7
library02,2,8
library02,2,9
library02,2,10
library02,2,11
library02,3,3
library02,3,4
library02,3,5
library02,3,6
library02,3,7
library02,3,8
library02,3,9
library02,3,10
library02,3,11
living_room01,0,3
living_room01,0,4
living_room01,0,5
living_room01,0,6
living_room01,0,7
living_room01,0,8
living_room01,0,9
living_room01,0,10
living_room01,0,11
living_room01,1,3
living_room01,1,4
living_room01,1,5
living_room01,1,6
living_room01,1,7
living_room01,1,8
living_room01,1,9
living_room01,1,10
living_room01,1,11
living_room01,2,3
living_room01,2,4
living_room01,2,5
living_room01,2,6
living_room01,2,7
living_room01,2,8
living_room01,2,9
living_room01,2,10
living_room01,2,11
living_room01,3,3
living_room01,3,4
living_room01,3,5
living_room01,3,6
living_room01,3,7
living_room01,3,8
living_room01,3,9
living_room01,3,10
living_room01,3,11
living_room02,0,3
living_room02,0,4
living_room02,0,5
living_room02,0,6
living_room02,0,7
living_room02,0,8
living_room02,0,9
living_room02,0,10
living_room02,0,11
living_room02,1,3
living_room02,1,4
living_room02,1,5
living_room02,1,6
living_room02,1,7
living_room02,1,8
living_room02,1,9
living_room02,1,10
living_room02,1,11
living_room02,2,3
living_room02,2,4
living_room02,2,5
living_room02,2,6
living_room02,2,7
living_room02,2,8
living_room02,2,9
living_room02,2,10
living_room02,2,11
living_room02,3,3
living_room02,3,4
living_room02,3,5
living_room02,3,6
living_room02,3,7
living_room02,3,8
living_room02,3,9
living_room02,3,10
living_room02,3,11
living_room03,0,3
living_room03,0,4
living_room03,0,5
living_room03,0,6
living_room03,0,7
living_room03,0,8
living_room03,0,9
living_room03,0,10
living_room03,0,11
living_room03,1,3
living_room03,1,4
living_room03,1,5
living_room03,1,6
living_room03,1,7
living_room03,1,8
living_room03,1,9
living_room03,1,10
living_room03,1,11
living_room03,2,3
living_room03,2,4
living_room03,2,5
living_room03,2,6
living_room03,2,7
living_room03,2,8
living_room03,2,9
living_room03,2,10
living_room03,2,11
living_room03,3,3
living_room03,3,4
living_room03,3,5
living_room03,3,6
living_room03,3,7
living_room03,3,8
living_room03,3,9
living_room03,3,10
living_room03,3,11
living_room06,0,3
living_room06,0,4
living_room06,0,5
living_room06,0,6
living_room06,0,7
living_room06,0,8
living_room06,0,9
living_room06,0,10
living_room06,0,11
living_room06,1,3
living_room06,1,4
living_room06,1,5
living_room06,1,6
living_room06,1,7
living_room06,1,8
living_room06,1,9
living_room06,1,10
living_room06,1,11
living_room06,2,3
living_room06,2,4
living_room06,2,5
living_room06,2,6
living_room06,2,7
living_room06,2,8
living_room06,2,9
living_room06,2,10
living_room06,2,11
living_room06,3,3
living_room06,3,4
living_room06,3,5
living_room06,3,6
living_room06,3,7
living_room06,3,8
living_room06,3,9
living_room06,3,10
living_room06,3,11
living_room07,0,3
living_room07,0,4
living_room07,0,5
living_room07,0,6
living_room07,0,7
living_room07,0,8
living_room07,0,9
living_room07,0,10
living_room07,0,11
living_room07,1,3
living_room07,1,4
living_room07,1,5
living_room07,1,6
living_room07,1,7
living_room07,1,8
living_room07,1,9
living_room07,1,10
living_room07,1,11
living_room07,2,3
living_room07,2,4
living_room07,2,5
living_room07,2,6
living_room07,2,7
living_room07,2,8
living_room07,2,9
living_room07,2,10
living_room07,2,11
living_room07,3,3
living_room07,3,4
living_room07,3,5
living_room07,3,6
living_room07,3,7
living_room07,3,8
living_room07,3,9
living_room07,3,10
living_room07,3,11
living_room08,0,3
living_room08,0,4
living_room08,0,5
living_room08,0,6
living_room08,0,7
living_room08,0,8
living_room08,0,9
living_room08,0,10
living_room08,0,11
living_room08,1,3
living_room08,1,4
living_room08,1,5
living_room08,1,6
living_room08,1,7
living_room08,1,8
living_room08,1,9
living_room08,1,10
living_room08,1,11
living_room08,2,3
living_room08,2,4
living_room08,2,5
living_room08,2,6
living_room08,2,7
living_room08,2,8
living_room08,2,9
living_room08,2,10
living_room08,2,11
living_room08,3,3
living_room08,3,4
living_room08,3,5
living_room08,3,6
living_room08,3,7
living_room08,3,8
living_room08,3,9
living_room08,3,10
living_room08,3,11
living_room09,0,3
living_room09,0,4
living_room09,0,5
living_room09,0,6
living_room09,0,7
living_room09,0,8
living_room09,0,9
living_room09,0,10
living_room09,0,11
living_room09,1,3
living_room09,1,4
living_room09,1,5
living_room09,1,6
living_room09,1,7
living_room09,1,8
living_room09,1,9
living_room09,1,10
living_room09,1,11
living_room09,2,3
living_room09,2,4
living_room09,2,5
living_room09,2,6
living_room09,2,7
living_room09,2,8
living_room09,2,9
living_room09,2,10
living_room09,2,11
living_room09,3,3
living_room09,3,4
living_room09,3,5
living_room09,3,6
living_room09,3,7
living_room09,3,8
living_room09,3,9
living_room09,3,10
living_room09,3,11
living_room12,0,3
living_room12,0,4
living_room12,0,5
living_room12,0,6
living_room12,0,7
living_room12,0,8
living_room12,0,9
living_room12,0,10
living_room12,0,11
living_room12,1,3
living_room12,1,4
living_room12,1,5
living_room12,1,6
living_room12,1,7
living_room12,1,8
living_room12,1,9
living_room12,1,10
living_room12,1,11
living_room12,2,3
living_room12,2,4
living_room12,2,5
living_room12,2,6
living_room12,2,7
living_room12,2,8
living_room12,2,9
living_room12,2,10
living_room12,2,11
living_room12,3,3
living_room12,3,4
living_room12,3,5
living_room12,3,6
living_room12,3,7
living_room12,3,8
living_room12,3,9
living_room12,3,10
living_room12,3,11
living_study01,0,3
living_study01,0,4
living_study01,0,5
living_study01,0,6
living_study01,0,7
living_study01,0,8
living_study01,0,9
living_study01,0,10
living_study01,0,11
living_study01,1,3
living_study01,1,4
living_study01,1,5
living_study01,1,6
living_study01,1,7
living_study01,1,8
living_study01,1,9
living_study01,1,10
living_study01,1,11
living_study01,2,3
living_study01,2,4
living_study01,2,5
living_study01,2,6
living_study01,2,7
living_study01,2,8
living_study01,2,9
living_study01,2,10
living_study01,2,11
living_study01,3,3
living_study01,3,4
living_study01,3,5
living_study01,3,6
living_study01,3,7
living_study01,3,8
living_study01,3,9
living_study01,3,10
living_study01,3,11
marbled_bathroom01,0,3
marbled_bathroom01,0,4
marbled_bathroom01,0,5
marbled_bathroom01,0,6
marbled_bathroom01,0,7
marbled_bathroom01,0,8
marbled_bathroom01,0,9
marbled_bathroom01,0,10
marbled_bathroom01,0,11
marbled_bathroom01,1,3
marbled_bathroom01,1,4
marbled_bathroom01,1,5
marbled_bathroom01,1,6
marbled_bathroom01,1,7
marbled_bathroom01,1,8
marbled_bathroom01,1,9
marbled_bathroom01,1,10
marbled_bathroom01,1,11
marbled_bathroom01,2,3
marbled_bathroom01,2,4
marbled_bathroom01,2,5
marbled_bathroom01,2,6
marbled_bathroom01,2,7
marbled_bathroom01,2,8
marbled_bathroom01,2,9
marbled_bathroom01,2,10
marbled_bathroom01,2,11
marbled_bathroom01,3,3
marbled_bathroom01,3,4
marbled_bathroom01,3,5
marbled_bathroom01,3,6
marbled_bathroom01,3,7
marbled_bathroom01,3,8
marbled_bathroom01,3,9
marbled_bathroom01,3,10
marbled_bathroom01,3,11
medieval_village01,0,3
medieval_village01,0,4
medieval_village01,0,5
medieval_village01,0,6
medieval_village01,0,7
medieval_village01,0,8
medieval_village01,0,9
medieval_village01,0,10
medieval_village01,0,11
medieval_village01,1,3
medieval_village01,1,4
medieval_village01,1,5
medieval_village01,1,6
medieval_village01,1,7
medieval_village01,1,8
medieval_village01,1,9
medieval_village01,1,10
medieval_village01,1,11
medieval_village01,2,3
medieval_village01,2,4
medieval_village01,2,5
medieval_village01,2,6
medieval_village01,2,7
medieval_village01,2,8
medieval_village01,2,9
medieval_village01,2,10
medieval_village01,2,11
medieval_village01,3,3
medieval_village01,3,4
medieval_village01,3,5
medieval_village01,3,6
medieval_village01,3,7
medieval_village01,3,8
medieval_village01,3,9
medieval_village01,3,10
medieval_village01,3,11
miners_cave01,0,3
miners_cave01,0,4
miners_cave01,0,5
miners_cave01,0,6
miners_cave01,0,7
miners_cave01,0,8
miners_cave01,0,9
miners_cave01,0,10
miners_cave01,0,11
miners_cave01,1,3
miners_cave01,1,4
miners_cave01,1,5
miners_cave01,1,6
miners_cave01,1,7
miners_cave01,1,8
miners_cave01,1,9
miners_cave01,1,10
miners_cave01,1,11
miners_cave01,2,3
miners_cave01,2,4
miners_cave01,2,5
miners_cave01,2,6
miners_cave01,2,7
miners_cave01,2,8
miners_cave01,2,9
miners_cave01,2,10
miners_cave01,2,11
miners_cave01,3,3
miners_cave01,3,4
miners_cave01,3,5
miners_cave01,3,6
miners_cave01,3,7
miners_cave01,3,8
miners_cave01,3,9
miners_cave01,3,10
miners_cave01,3,11
model_class01,0,3
model_class01,0,4
model_class01,0,5
model_class01,0,6
model_class01,0,7
model_class01,0,8
model_class01,0,9
model_class01,0,10
model_class01,0,11
model_class01,1,3
model_class01,1,4
model_class01,1,5
model_class01,1,6
model_class01,1,7
model_class01,1,8
model_class01,1,9
model_class01,1,10
model_class01,1,11
model_class01,2,3
model_class01,2,4
model_class01,2,5
model_class01,2,6
model_class01,2,7
model_class01,2,8
model_class01,2,9
model_class01,2,10
model_class01,2,11
model_class01,3,3
model_class01,3,4
model_class01,3,5
model_class01,3,6
model_class01,3,7
model_class01,3,8
model_class01,3,9
model_class01,3,10
model_class01,3,11
modern_home_interior01,0,3
modern_home_interior01,0,4
modern_home_interior01,0,5
modern_home_interior01,0,6
modern_home_interior01,0,7
modern_home_interior01,0,8
modern_home_interior01,0,9
modern_home_interior01,0,10
modern_home_interior01,0,11
modern_home_interior01,1,3
modern_home_interior01,1,4
modern_home_interior01,1,5
modern_home_interior01,1,6
modern_home_interior01,1,7
modern_home_interior01,1,8
modern_home_interior01,1,9
modern_home_interior01,1,10
modern_home_interior01,1,11
modern_home_interior01,2,3
modern_home_interior01,2,4
modern_home_interior01,2,5
modern_home_interior01,2,6
modern_home_interior01,2,7
modern_home_interior01,2,8
modern_home_interior01,2,9
modern_home_interior01,2,10
modern_home_interior01,2,11
modern_home_interior01,3,3
modern_home_interior01,3,4
modern_home_interior01,3,5
modern_home_interior01,3,6
modern_home_interior01,3,7
modern_home_interior01,3,8
modern_home_interior01,3,9
modern_home_interior01,3,10
modern_home_interior01,3,11
modern_kitchen01,0,3
modern_kitchen01,0,4
modern_kitchen01,0,5
modern_kitchen01,0,6
modern_kitchen01,0,7
modern_kitchen01,0,8
modern_kitchen01,0,9
modern_kitchen01,0,10
modern_kitchen01,0,11
modern_kitchen01,1,3
modern_kitchen01,1,4
modern_kitchen01,1,5
modern_kitchen01,1,6
modern_kitchen01,1,7
modern_kitchen01,1,8
modern_kitchen01,1,9
modern_kitchen01,1,10
modern_kitchen01,1,11
modern_kitchen01,2,3
modern_kitchen01,2,4
modern_kitchen01,2,5
modern_kitchen01,2,6
modern_kitchen01,2,7
modern_kitchen01,2,8
modern_kitchen01,2,9
modern_kitchen01,2,10
modern_kitchen01,2,11
modern_kitchen01,3,3
modern_kitchen01,3,4
modern_kitchen01,3,5
modern_kitchen01,3,6
modern_kitchen01,3,7
modern_kitchen01,3,8
modern_kitchen01,3,9
modern_kitchen01,3,10
modern_kitchen01,3,11
modern_toilet01,0,3
modern_toilet01,0,4
modern_toilet01,0,5
modern_toilet01,0,6
modern_toilet01,0,7
modern_toilet01,0,8
modern_toilet01,0,9
modern_toilet01,0,10
modern_toilet01,0,11
modern_toilet01,1,3
modern_toilet01,1,4
modern_toilet01,1,5
modern_toilet01,1,6
modern_toilet01,1,7
modern_toilet01,1,8
modern_toilet01,1,9
modern_toilet01,1,10
modern_toilet01,1,11
modern_toilet01,2,3
modern_toilet01,2,4
modern_toilet01,2,5
modern_toilet01,2,6
modern_toilet01,2,7
modern_toilet01,2,8
modern_toilet01,2,9
modern_toilet01,2,10
modern_toilet01,2,11
modern_toilet01,3,3
modern_toilet01,3,4
modern_toilet01,3,5
modern_toilet01,3,6
modern_toilet01,3,7
modern_toilet01,3,8
modern_toilet01,3,9
modern_toilet01,3,10
modern_toilet01,3,11
mural_room01,0,3
mural_room01,0,4
mural_room01,0,5
mural_room01,0,6
mural_room01,0,7
mural_room01,0,8
mural_room01,0,9
mural_room01,0,10
mural_room01,0,11
mural_room01,1,3
mural_room01,1,4
mural_room01,1,5
mural_room01,1,6
mural_room01,1,7
mural_room01,1,8
mural_room01,1,9
mural_room01,1,10
mural_room01,1,11
mural_room01,2,3
mural_room01,2,4
mural_room01,2,5
mural_room01,2,6
mural_room01,2,7
mural_room01,2,8
mural_room01,2,9
mural_room01,2,10
mural_room01,2,11
mural_room01,3,3
mural_room01,3,4
mural_room01,3,5
mural_room01,3,6
mural_room01,3,7
mural_room01,3,8
mural_room01,3,9
mural_room01,3,10
mural_room01,3,11
museum01,0,3
museum01,0,4
museum01,0,5
museum01,0,6
museum01,0,7
museum01,0,8
museum01,0,9
museum01,0,10
museum01,0,11
museum01,1,3
museum01,1,4
museum01,1,5
museum01,1,6
museum01,1,7
museum01,1,8
museum01,1,9
museum01,1,10
museum01,1,11
museum01,2,3
museum01,2,4
museum01,2,5
museum01,2,6
museum01,2,7
museum01,2,8
museum01,2,9
museum01,2,10
museum01,2,11
museum01,3,3
museum01,3,4
museum01,3,5
museum01,3,6
museum01,3,7
museum01,3,8
museum01,3,9
museum01,3,10
museum01,3,11
office01,0,3
office01,0,4
office01,0,5
office01,0,6
office01,0,7
office01,0,8
office01,0,9
office01,0,10
office01,0,11
office01,1,3
office01,1,4
office01,1,5
office01,1,6
office01,1,7
office01,1,8
office01,1,9
office01,1,10
office01,1,11
office01,2,3
office01,2,4
office01,2,5
office01,2,6
office01,2,7
office01,2,8
office01,2,9
office01,2,10
office01,2,11
office01,3,3
office01,3,4
office01,3,5
office01,3,6
office01,3,7
office01,3,8
office01,3,9
office01,3,10
office01,3,11
office02,0,3
office02,0,4
office02,0,5
office02,0,6
office02,0,7
office02,0,8
office02,0,9
office02,0,10
office02,0,11
office02,1,3
office02,1,4
office02,1,5
office02,1,6
office02,1,7
office02,1,8
office02,1,9
office02,1,10
office02,1,11
office02,2,3
office02,2,4
office02,2,5
office02,2,6
office02,2,7
office02,2,8
office02,2,9
office02,2,10
office02,2,11
office02,3,3
office02,3,4
office02,3,5
office02,3,6
office02,3,7
office02,3,8
office02,3,9
office02,3,10
office02,3,11
old_house01,0,3
old_house01,0,4
old_house01,0,5
old_house01,0,6
old_house01,0,7
old_house01,0,8
old_house01,0,9
old_house01,0,10
old_house01,0,11
old_house01,1,3
old_house01,1,4
old_house01,1,5
old_house01,1,6
old_house01,1,7
old_house01,1,8
old_house01,1,9
old_house01,1,10
old_house01,1,11
old_house01,2,3
old_house01,2,4
old_house01,2,5
old_house01,2,6
old_house01,2,7
old_house01,2,8
old_house01,2,9
old_house01,2,10
old_house01,2,11
old_house01,3,3
old_house01,3,4
old_house01,3,5
old_house01,3,6
old_house01,3,7
old_house01,3,8
old_house01,3,9
old_house01,3,10
old_house01,3,11
old_house02,0,3
old_house02,0,4
old_house02,0,5
old_house02,0,6
old_house02,0,7
old_house02,0,8
old_house02,0,9
old_house02,0,10
old_house02,0,11
old_house02,1,3
old_house02,1,4
old_house02,1,5
old_house02,1,6
old_house02,1,7
old_house02,1,8
old_house02,1,9
old_house02,1,10
old_house02,1,11
old_house02,2,3
old_house02,2,4
old_house02,2,5
old_house02,2,6
old_house02,2,7
old_house02,2,8
old_house02,2,9
old_house02,2,10
old_house02,2,11
old_house02,3,3
old_house02,3,4
old_house02,3,5
old_house02,3,6
old_house02,3,7
old_house02,3,8
old_house02,3,9
old_house02,3,10
old_house02,3,11
outdoor01,0,3
outdoor01,0,4
outdoor01,0,5
outdoor01,0,6
outdoor01,0,7
outdoor01,0,8
outdoor01,0,9
outdoor01,0,10
outdoor01,0,11
outdoor01,1,3
outdoor01,1,4
outdoor01,1,5
outdoor01,1,6
outdoor01,1,7
outdoor01,1,8
outdoor01,1,9
outdoor01,1,10
outdoor01,1,11
outdoor01,2,3
outdoor01,2,4
outdoor01,2,5
outdoor01,2,6
outdoor01,2,7
outdoor01,2,8
outdoor01,2,9
outdoor01,2,10
outdoor01,2,11
outdoor01,3,3
outdoor01,3,4
outdoor01,3,5
outdoor01,3,6
outdoor01,3,7
outdoor01,3,8
outdoor01,3,9
outdoor01,3,10
outdoor01,3,11
palisade_trench01,0,3
palisade_trench01,0,4
palisade_trench01,0,5
palisade_trench01,0,6
palisade_trench01,0,7
palisade_trench01,0,8
palisade_trench01,0,9
palisade_trench01,0,10
palisade_trench01,0,11
palisade_trench01,1,3
palisade_trench01,1,4
palisade_trench01,1,5
palisade_trench01,1,6
palisade_trench01,1,7
palisade_trench01,1,8
palisade_trench01,1,9
palisade_trench01,1,10
palisade_trench01,1,11
palisade_trench01,2,3
palisade_trench01,2,4
palisade_trench01,2,5
palisade_trench01,2,6
palisade_trench01,2,7
palisade_trench01,2,8
palisade_trench01,2,9
palisade_trench01,2,10
palisade_trench01,2,11
palisade_trench01,3,3
palisade_trench01,3,4
palisade_trench01,3,5
palisade_trench01,3,6
palisade_trench01,3,7
palisade_trench01,3,8
palisade_trench01,3,9
palisade_trench01,3,10
palisade_trench01,3,11
pool_side01,0,3
pool_side01,0,4
pool_side01,0,5
pool_side01,0,6
pool_side01,0,7
pool_side01,0,8
pool_side01,0,9
pool_side01,0,10
pool_side01,0,11
pool_side01,1,3
pool_side01,1,4
pool_side01,1,5
pool_side01,1,6
pool_side01,1,7
pool_side01,1,8
pool_side01,1,9
pool_side01,1,10
pool_side01,1,11
pool_side01,2,3
pool_side01,2,4
pool_side01,2,5
pool_side01,2,6
pool_side01,2,7
pool_side01,2,8
pool_side01,2,9
pool_side01,2,10
pool_side01,2,11
pool_side01,3,3
pool_side01,3,4
pool_side01,3,5
pool_side01,3,6
pool_side01,3,7
pool_side01,3,8
pool_side01,3,9
pool_side01,3,10
pool_side01,3,11
restaurant_booth01,0,3
restaurant_booth01,0,4
restaurant_booth01,0,5
restaurant_booth01,0,6
restaurant_booth01,0,7
restaurant_booth01,0,8
restaurant_booth01,0,9
restaurant_booth01,0,10
restaurant_booth01,0,11
restaurant_booth01,1,3
restaurant_booth01,1,4
restaurant_booth01,1,5
restaurant_booth01,1,6
restaurant_booth01,1,7
restaurant_booth01,1,8
restaurant_booth01,1,9
restaurant_booth01,1,10
restaurant_booth01,1,11
restaurant_booth01,2,3
restaurant_booth01,2,4
restaurant_booth01,2,5
restaurant_booth01,2,6
restaurant_booth01,2,7
restaurant_booth01,2,8
restaurant_booth01,2,9
restaurant_booth01,2,10
restaurant_booth01,2,11
restaurant_booth01,3,3
restaurant_booth01,3,4
restaurant_booth01,3,5
restaurant_booth01,3,6
restaurant_booth01,3,7
restaurant_booth01,3,8
restaurant_booth01,3,9
restaurant_booth01,3,10
restaurant_booth01,3,11
restroom01,0,3
restroom01,0,4
restroom01,0,5
restroom01,0,6
restroom01,0,7
restroom01,0,8
restroom01,0,9
restroom01,0,10
restroom01,0,11
restroom01,1,3
restroom01,1,4
restroom01,1,5
restroom01,1,6
restroom01,1,7
restroom01,1,8
restroom01,1,9
restroom01,1,10
restroom01,1,11
restroom01,2,3
restroom01,2,4
restroom01,2,5
restroom01,2,6
restroom01,2,7
restroom01,2,8
restroom01,2,9
restroom01,2,10
restroom01,2,11
restroom01,3,3
restroom01,3,4
restroom01,3,5
restroom01,3,6
restroom01,3,7
restroom01,3,8
restroom01,3,9
restroom01,3,10
restroom01,3,11
room03,0,3
room03,0,4
room03,0,5
room03,0,6
room03,0,7
room03,0,8
room03,0,9
room03,0,10
room03,0,11
room03,1,3
room03,1,4
room03,1,5
room03,1,6
room03,1,7
room03,1,8
room03,1,9
room03,1,10
room03,1,11
room03,2,3
room03,2,4
room03,2,5
room03,2,6
room03,2,7
room03,2,8
room03,2,9
room03,2,10
room03,2,11
room03,3,3
room03,3,4
room03,3,5
room03,3,6
room03,3,7
room03,3,8
room03,3,9
room03,3,10
room03,3,11
scifi_scenery01,0,3
scifi_scenery01,0,4
scifi_scenery01,0,5
scifi_scenery01,0,6
scifi_scenery01,0,7
scifi_scenery01,0,8
scifi_scenery01,0,9
scifi_scenery01,0,10
scifi_scenery01,0,11
scifi_scenery01,1,3
scifi_scenery01,1,4
scifi_scenery01,1,5
scifi_scenery01,1,6
scifi_scenery01,1,7
scifi_scenery01,1,8
scifi_scenery01,1,9
scifi_scenery01,1,10
scifi_scenery01,1,11
scifi_scenery01,2,3
scifi_scenery01,2,4
scifi_scenery01,2,5
scifi_scenery01,2,6
scifi_scenery01,2,7
scifi_scenery01,2,8
scifi_scenery01,2,9
scifi_scenery01,2,10
scifi_scenery01,2,11
scifi_scenery01,3,3
scifi_scenery01,3,4
scifi_scenery01,3,5
scifi_scenery01,3,6
scifi_scenery01,3,7
scifi_scenery01,3,8
scifi_scenery01,3,9
scifi_scenery01,3,10
scifi_scenery01,3,11
scifi_scenery02,0,3
scifi_scenery02,0,4
scifi_scenery02,0,5
scifi_scenery02,0,6
scifi_scenery02,0,7
scifi_scenery02,0,8
scifi_scenery02,0,9
scifi_scenery02,0,10
scifi_scenery02,0,11
scifi_scenery02,1,3
scifi_scenery02,1,4
scifi_scenery02,1,5
scifi_scenery02,1,6
scifi_scenery02,1,7
scifi_scenery02,1,8
scifi_scenery02,1,9
scifi_scenery02,1,10
scifi_scenery02,1,11
scifi_scenery02,2,3
scifi_scenery02,2,4
scifi_scenery02,2,5
scifi_scenery02,2,6
scifi_scenery02,2,7
scifi_scenery02,2,8
scifi_scenery02,2,9
scifi_scenery02,2,10
scifi_scenery02,2,11
scifi_scenery02,3,3
scifi_scenery02,3,4
scifi_scenery02,3,5
scifi_scenery02,3,6
scifi_scenery02,3,7
scifi_scenery02,3,8
scifi_scenery02,3,9
scifi_scenery02,3,10
scifi_scenery02,3,11
selby01,0,3
selby01,0,4
selby01,0,5
selby01,0,6
selby01,0,7
selby01,0,8
selby01,0,9
selby01,0,10
selby01,0,11
selby01,1,3
selby01,1,4
selby01,1,5
selby01,1,6
selby01,1,7
selby01,1,8
selby01,1,9
selby01,1,10
selby01,1,11
selby01,2,3
selby01,2,4
selby01,2,5
selby01,2,6
selby01,2,7
selby01,2,8
selby01,2,9
selby01,2,10
selby01,2,11
selby01,3,3
selby01,3,4
selby01,3,5
selby01,3,6
selby01,3,7
selby01,3,8
selby01,3,9
selby01,3,10
selby01,3,11
street02,0,3
street02,0,4
street02,0,5
street02,0,6
street02,0,7
street02,0,8
street02,0,9
street02,0,10
street02,0,11
street02,1,3
street02,1,4
street02,1,5
street02,1,6
street02,1,7
street02,1,8
street02,1,9
street02,1,10
street02,1,11
street02,2,3
street02,2,4
street02,2,5
street02,2,6
street02,2,7
street02,2,8
street02,2,9
street02,2,10
street02,2,11
street02,3,3
street02,3,4
street02,3,5
street02,3,6
street02,3,7
street02,3,8
street02,3,9
street02,3,10
street02,3,11
subway01,0,3
subway01,0,4
subway01,0,5
subway01,0,6
subway01,0,7
subway01,0,8
subway01,0,9
subway01,0,10
subway01,0,11
subway01,1,3
subway01,1,4
subway01,1,5
subway01,1,6
subway01,1,7
subway01,1,8
subway01,1,9
subway01,1,10
subway01,1,11
subway01,2,3
subway01,2,4
subway01,2,5
subway01,2,6
subway01,2,7
subway01,2,8
subway01,2,9
subway01,2,10
subway01,2,11
subway01,3,3
subway01,3,4
subway01,3,5
subway01,3,6
subway01,3,7
subway01,3,8
subway01,3,9
subway01,3,10
subway01,3,11
urbanscape01,0,3
urbanscape01,0,4
urbanscape01,0,5
urbanscape01,0,6
urbanscape01,0,7
urbanscape01,0,8
urbanscape01,0,9
urbanscape01,0,10
urbanscape01,0,11
urbanscape01,1,3
urbanscape01,1,4
urbanscape01,1,5
urbanscape01,1,6
urbanscape01,1,7
urbanscape01,1,8
urbanscape01,1,9
urbanscape01,1,10
urbanscape01,1,11
urbanscape01,2,3
urbanscape01,2,4
urbanscape01,2,5
urbanscape01,2,6
urbanscape01,2,7
urbanscape01,2,8
urbanscape01,2,9
urbanscape01,2,10
urbanscape01,2,11
urbanscape01,3,3
urbanscape01,3,4
urbanscape01,3,5
urbanscape01,3,6
urbanscape01,3,7
urbanscape01,3,8
urbanscape01,3,9
urbanscape01,3,10
urbanscape01,3,11
urbanscape02,0,3
urbanscape02,0,4
urbanscape02,0,5
urbanscape02,0,6
urbanscape02,0,7
urbanscape02,0,8
urbanscape02,0,9
urbanscape02,0,10
urbanscape02,0,11
urbanscape02,1,3
urbanscape02,1,4
urbanscape02,1,5
urbanscape02,1,6
urbanscape02,1,7
urbanscape02,1,8
urbanscape02,1,9
urbanscape02,1,10
urbanscape02,1,11
urbanscape02,2,3
urbanscape02,2,4
urbanscape02,2,5
urbanscape02,2,6
urbanscape02,2,7
urbanscape02,2,8
urbanscape02,2,9
urbanscape02,2,10
urbanscape02,2,11
urbanscape02,3,3
urbanscape02,3,4
urbanscape02,3,5
urbanscape02,3,6
urbanscape02,3,7
urbanscape02,3,8
urbanscape02,3,9
urbanscape02,3,10
urbanscape02,3,11
utopian_house01,0,3
utopian_house01,0,4
utopian_house01,0,5
utopian_house01,0,6
utopian_house01,0,7
utopian_house01,0,8
utopian_house01,0,9
utopian_house01,0,10
utopian_house01,0,11
utopian_house01,1,3
utopian_house01,1,4
utopian_house01,1,5
utopian_house01,1,6
utopian_house01,1,7
utopian_house01,1,8
utopian_house01,1,9
utopian_house01,1,10
utopian_house01,1,11
utopian_house01,2,3
utopian_house01,2,4
utopian_house01,2,5
utopian_house01,2,6
utopian_house01,2,7
utopian_house01,2,8
utopian_house01,2,9
utopian_house01,2,10
utopian_house01,2,11
utopian_house01,3,3
utopian_house01,3,4
utopian_house01,3,5
utopian_house01,3,6
utopian_house01,3,7
utopian_house01,3,8
utopian_house01,3,9
utopian_house01,3,10
utopian_house01,3,11
victorian_house01,0,3
victorian_house01,0,4
victorian_house01,0,5
victorian_house01,0,6
victorian_house01,0,7
victorian_house01,0,8
victorian_house01,0,9
victorian_house01,0,10
victorian_house01,0,11
victorian_house01,1,3
victorian_house01,1,4
victorian_house01,1,5
victorian_house01,1,6
victorian_house01,1,7
victorian_house01,1,8
victorian_house01,1,9
victorian_house01,1,10
victorian_house01,1,11
victorian_house01,2,3
victorian_house01,2,4
victorian_house01,2,5
victorian_house01,2,6
victorian_house01,2,7
victorian_house01,2,8
victorian_house01,2,9
victorian_house01,2,10
victorian_house01,2,11
victorian_house01,3,3
victorian_house01,3,4
victorian_house01,3,5
victorian_house01,3,6
victorian_house01,3,7
victorian_house01,3,8
victorian_house01,3,9
victorian_house01,3,10
victorian_house01,3,11
video01,0,3
video01,0,4
video01,0,5
video01,0,6
video01,0,7
video01,0,8
video01,0,9
video01,0,10
video01,0,11
video01,1,3
video01,1,4
video01,1,5
video01,1,6
video01,1,7
video01,1,8
video01,1,9
video01,1,10
video01,1,11
video01,2,3
video01,2,4
video01,2,5
video01,2,6
video01,2,7
video01,2,8
video01,2,9
video01,2,10
video01,2,11
video01,3,3
video01,3,4
video01,3,5
video01,3,6
video01,3,7
video01,3,8
video01,3,9
video01,3,10
video01,3,11
video02,0,3
video02,0,4
video02,0,5
video02,0,6
video02,0,7
video02,0,8
video02,0,9
video02,0,10
video02,0,11
video02,1,3
video02,1,4
video02,1,5
video02,1,6
video02,1,7
video02,1,8
video02,1,9
video02,1,10
video02,1,11
video02,2,3
video02,2,4
video02,2,5
video02,2,6
video02,2,7
video02,2,8
video02,2,9
video02,2,10
video02,2,11
video02,3,3
video02,3,4
video02,3,5
video02,3,6
video02,3,7
video02,3,8
video02,3,9
video02,3,10
video02,3,11
video03,0,3
video03,0,4
video03,0,5
video03,0,6
video03,0,7
video03,0,8
video03,0,9
video03,0,10
video03,0,11
video03,1,3
video03,1,4
video03,1,5
video03,1,6
video03,1,7
video03,1,8
video03,1,9
video03,1,10
video03,1,11
video03,2,3
video03,2,4
video03,2,5
video03,2,6
video03,2,7
video03,2,8
video03,2,9
video03,2,10
video03,2,11
video03,3,3
video03,3,4
video03,3,5
video03,3,6
video03,3,7
video03,3,8
video03,3,9
video03,3,10
video03,3,11
video04,0,3
video04,0,4
video04,0,5
video04,0,6
video04,0,7
video04,0,8
video04,0,9
video04,0,10
video04,0,11
video04,1,3
video04,1,4
video04,1,5
video04,1,6
video04,1,7
video04,1,8
video04,1,9
video04,1,10
video04,1,11
video04,2,3
video04,2,4
video04,2,5
video04,2,6
video04,2,7
video04,2,8
video04,2,9
video04,2,10
video04,2,11
video04,3,3
video04,3,4
video04,3,5
video04,3,6
video04,3,7
video04,3,8
video04,3,9
video04,3,10
video04,3,11
video05,0,3
video05,0,4
video05,0,5
video05,0,6
video05,0,7
video05,0,8
video05,0,9
video05,0,10
video05,0,11
video05,1,3
video05,1,4
video05,1,5
video05,1,6
video05,1,7
video05,1,8
video05,1,9
video05,1,10
video05,1,11
video05,2,3
video05,2,4
video05,2,5
video05,2,6
video05,2,7
video05,2,8
video05,2,9
video05,2,10
video05,2,11
video05,3,3
video05,3,4
video05,3,5
video05,3,6
video05,3,7
video05,3,8
video05,3,9
video05,3,10
video05,3,11
video06,0,3
video06,0,4
video06,0,5
video06,0,6
video06,0,7
video06,0,8
video06,0,9
video06,0,10
video06,0,11
video06,1,3
video06,1,4
video06,1,5
video06,1,6
video06,1,7
video06,1,8
video06,1,9
video06,1,10
video06,1,11
video06,2,3
video06,2,4
video06,2,5
video06,2,6
video06,2,7
video06,2,8
video06,2,9
video06,2,10
video06,2,11
video06,3,3
video06,3,4
video06,3,5
video06,3,6
video06,3,7
video06,3,8
video06,3,9
video06,3,10
video06,3,11
video07,0,3
video07,0,4
video07,0,5
video07,0,6
video07,0,7
video07,0,8
video07,0,9
video07,0,10
video07,0,11
video07,1,3
video07,1,4
video07,1,5
video07,1,6
video07,1,7
video07,1,8
video07,1,9
video07,1,10
video07,1,11
video07,2,3
video07,2,4
video07,2,5
video07,2,6
video07,2,7
video07,2,8
video07,2,9
video07,2,10
video07,2,11
video07,3,3
video07,3,4
video07,3,5
video07,3,6
video07,3,7
video07,3,8
video07,3,9
video07,3,10
video07,3,11
video08,0,3
video08,0,4
video08,0,5
video08,0,6
video08,0,7
video08,0,8
video08,0,9
video08,0,10
video08,0,11
video08,1,3
video08,1,4
video08,1,5
video08,1,6
video08,1,7
video08,1,8
video08,1,9
video08,1,10
video08,1,11
video08,2,3
video08,2,4
video08,2,5
video08,2,6
video08,2,7
video08,2,8
video08,2,9
video08,2,10
video08,2,11
video08,3,3
video08,3,4
video08,3,5
video08,3,6
video08,3,7
video08,3,8
video08,3,9
video08,3,10
video08,3,11
video09,0,3
video09,0,4
video09,0,5
video09,0,6
video09,0,7
video09,0,8
video09,0,9
video09,0,10
video09,0,11
video09,1,3
video09,1,4
video09,1,5
video09,1,6
video09,1,7
video09,1,8
video09,1,9
video09,1,10
video09,1,11
video09,2,3
video09,2,4
video09,2,5
video09,2,6
video09,2,7
video09,2,8
video09,2,9
video09,2,10
video09,2,11
video09,3,3
video09,3,4
video09,3,5
video09,3,6
video09,3,7
video09,3,8
video09,3,9
video09,3,10
video09,3,11
video10,0,3
video10,0,4
video10,0,5
video10,0,6
video10,0,7
video10,0,8
video10,0,9
video10,0,10
video10,0,11
video10,1,3
video10,1,4
video10,1,5
video10,1,6
video10,1,7
video10,1,8
video10,1,9
video10,1,10
video10,1,11
video10,2,3
video10,2,4
video10,2,5
video10,2,6
video10,2,7
video10,2,8
video10,2,9
video10,2,10
video10,2,11
video10,3,3
video10,3,4
video10,3,5
video10,3,6
video10,3,7
video10,3,8
video10,3,9
video10,3,10
video10,3,11
video11,0,3
video11,0,4
video11,0,5
video11,0,6
video11,0,7
video11,0,8
video11,0,9
video11,0,10
video11,0,11
video11,1,3
video11,1,4
video11,1,5
video11,1,6
video11,1,7
video11,1,8
video11,1,9
video11,1,10
video11,1,11
video11,2,3
video11,2,4
video11,2,5
video11,2,6
video11,2,7
video11,2,8
video11,2,9
video11,2,10
video11,2,11
video11,3,3
video11,3,4
video11,3,5
video11,3,6
video11,3,7
video11,3,8
video11,3,9
video11,3,10
video11,3,11
video12,0,3
video12,0,4
video12,0,5
video12,0,6
video12,0,7
video12,0,8
video12,0,9
video12,0,10
video12,0,11
video12,1,3
video12,1,4
video12,1,5
video12,1,6
video12,1,7
video12,1,8
video12,1,9
video12,1,10
video12,1,11
video12,2,3
video12,2,4
video12,2,5
video12,2,6
video12,2,7
video12,2,8
video12,2,9
video12,2,10
video12,2,11
video12,3,3
video12,3,4
video12,3,5
video12,3,6
video12,3,7
video12,3,8
video12,3,9
video12,3,10
video12,3,11
video13,0,3
video13,0,4
video13,0,5
video13,0,6
video13,0,7
video13,0,8
video13,0,9
video13,0,10
video13,0,11
video13,1,3
video13,1,4
video13,1,5
video13,1,6
video13,1,7
video13,1,8
video13,1,9
video13,1,10
video13,1,11
video13,2,3
video13,2,4
video13,2,5
video13,2,6
video13,2,7
video13,2,8
video13,2,9
video13,2,10
video13,2,11
video13,3,3
video13,3,4
video13,3,5
video13,3,6
video13,3,7
video13,3,8
video13,3,9
video13,3,10
video13,3,11
video14,0,3
video14,0,4
video14,0,5
video14,0,6
video14,0,7
video14,0,8
video14,0,9
video14,0,10
video14,0,11
video14,1,3
video14,1,4
video14,1,5
video14,1,6
video14,1,7
video14,1,8
video14,1,9
video14,1,10
video14,1,11
video14,2,3
video14,2,4
video14,2,5
video14,2,6
video14,2,7
video14,2,8
video14,2,9
video14,2,10
video14,2,11
video14,3,3
video14,3,4
video14,3,5
video14,3,6
video14,3,7
video14,3,8
video14,3,9
video14,3,10
video14,3,11
video15,0,3
video15,0,4
video15,0,5
video15,0,6
video15,0,7
video15,0,8
video15,0,9
video15,0,10
video15,0,11
video15,1,3
video15,1,4
video15,1,5
video15,1,6
video15,1,7
video15,1,8
video15,1,9
video15,1,10
video15,1,11
video15,2,3
video15,2,4
video15,2,5
video15,2,6
video15,2,7
video15,2,8
video15,2,9
video15,2,10
video15,2,11
video15,3,3
video15,3,4
video15,3,5
video15,3,6
video15,3,7
video15,3,8
video15,3,9
video15,3,10
video15,3,11
video16,0,3
video16,0,4
video16,0,5
video16,0,6
video16,0,7
video16,0,8
video16,0,9
video16,0,10
video16,0,11
video16,1,3
video16,1,4
video16,1,5
video16,1,6
video16,1,7
video16,1,8
video16,1,9
video16,1,10
video16,1,11
video16,2,3
video16,2,4
video16,2,5
video16,2,6
video16,2,7
video16,2,8
video16,2,9
video16,2,10
video16,2,11
video16,3,3
video16,3,4
video16,3,5
video16,3,6
video16,3,7
video16,3,8
video16,3,9
video16,3,10
video16,3,11
video17,0,3
video17,0,4
video17,0,5
video17,0,6
video17,0,7
video17,0,8
video17,0,9
video17,0,10
video17,0,11
video17,1,3
video17,1,4
video17,1,5
video17,1,6
video17,1,7
video17,1,8
video17,1,9
video17,1,10
video17,1,11
video17,2,3
video17,2,4
video17,2,5
video17,2,6
video17,2,7
video17,2,8
video17,2,9
video17,2,10
video17,2,11
video17,3,3
video17,3,4
video17,3,5
video17,3,6
video17,3,7
video17,3,8
video17,3,9
video17,3,10
video17,3,11
video18,0,3
video18,0,4
video18,0,5
video18,0,6
video18,0,7
video18,0,8
video18,0,9
video18,0,10
video18,0,11
video18,1,3
video18,1,4
video18,1,5
video18,1,6
video18,1,7
video18,1,8
video18,1,9
video18,1,10
video18,1,11
video18,2,3
video18,2,4
video18,2,5
video18,2,6
video18,2,7
video18,2,8
video18,2,9
video18,2,10
video18,2,11
video18,3,3
video18,3,4
video18,3,5
video18,3,6
video18,3,7
video18,3,8
video18,3,9
video18,3,10
video18,3,11
video19,0,3
video19,0,4
video19,0,5
video19,0,6
video19,0,7
video19,0,8
video19,0,9
video19,0,10
video19,0,11
video19,1,3
video19,1,4
video19,1,5
video19,1,6
video19,1,7
video19,1,8
video19,1,9
video19,1,10
video19,1,11
video19,2,3
video19,2,4
video19,2,5
video19,2,6
video19,2,7
video19,2,8
video19,2,9
video19,2,10
video19,2,11
video19,3,3
video19,3,4
video19,3,5
video19,3,6
video19,3,7
video19,3,8
video19,3,9
video19,3,10
video19,3,11
viking_village01,0,3
viking_village01,0,4
viking_village01,0,5
viking_village01,0,6
viking_village01,0,7
viking_village01,0,8
viking_village01,0,9
viking_village01,0,10
viking_village01,0,11
viking_village01,1,3
viking_village01,1,4
viking_village01,1,5
viking_village01,1,6
viking_village01,1,7
viking_village01,1,8
viking_village01,1,9
viking_village01,1,10
viking_village01,1,11
viking_village01,2,3
viking_village01,2,4
viking_village01,2,5
viking_village01,2,6
viking_village01,2,7
viking_village01,2,8
viking_village01,2,9
viking_village01,2,10
viking_village01,2,11
viking_village01,3,3
viking_village01,3,4
viking_village01,3,5
viking_village01,3,6
viking_village01,3,7
viking_village01,3,8
viking_village01,3,9
viking_village01,3,10
viking_village01,3,11
villa_interior01,0,3
villa_interior01,0,4
villa_interior01,0,5
villa_interior01,0,6
villa_interior01,0,7
villa_interior01,0,8
villa_interior01,0,9
villa_interior01,0,10
villa_interior01,0,11
villa_interior01,1,3
villa_interior01,1,4
villa_interior01,1,5
villa_interior01,1,6
villa_interior01,1,7
villa_interior01,1,8
villa_interior01,1,9
villa_interior01,1,10
villa_interior01,1,11
villa_interior01,2,3
villa_interior01,2,4
villa_interior01,2,5
villa_interior01,2,6
villa_interior01,2,7
villa_interior01,2,8
villa_interior01,2,9
villa_interior01,2,10
villa_interior01,2,11
villa_interior01,3,3
villa_interior01,3,4
villa_interior01,3,5
villa_interior01,3,6
villa_interior01,3,7
villa_interior01,3,8
villa_interior01,3,9
villa_interior01,3,10
villa_interior01,3,11
villa_sorrento01,0,3
villa_sorrento01,0,4
villa_sorrento01,0,5
villa_sorrento01,0,6
villa_sorrento01,0,7
villa_sorrento01,0,8
villa_sorrento01,0,9
villa_sorrento01,0,10
villa_sorrento01,0,11
villa_sorrento01,1,3
villa_sorrento01,1,4
villa_sorrento01,1,5
villa_sorrento01,1,6
villa_sorrento01,1,7
villa_sorrento01,1,8
villa_sorrento01,1,9
villa_sorrento01,1,10
villa_sorrento01,1,11
villa_sorrento01,2,3
villa_sorrento01,2,4
villa_sorrento01,2,5
villa_sorrento01,2,6
villa_sorrento01,2,7
villa_sorrento01,2,8
villa_sorrento01,2,9
villa_sorrento01,2,10
villa_sorrento01,2,11
villa_sorrento01,3,3
villa_sorrento01,3,4
villa_sorrento01,3,5
villa_sorrento01,3,6
villa_sorrento01,3,7
villa_sorrento01,3,8
villa_sorrento01,3,9
villa_sorrento01,3,10
villa_sorrento01,3,11
village01,0,3
village01,0,4
village01,0,5
village01,0,6
village01,0,7
village01,0,8
village01,0,9
village01,0,10
village01,0,11
village01,1,3
village01,1,4
village01,1,5
village01,1,6
village01,1,7
village01,1,8
village01,1,9
village01,1,10
village01,1,11
village01,2,3
village01,2,4
village01,2,5
village01,2,6
village01,2,7
village01,2,8
village01,2,9
village01,2,10
village01,2,11
village01,3,3
village01,3,4
village01,3,5
village01,3,6
village01,3,7
village01,3,8
village01,3,9
village01,3,10
village01,3,11
village02,0,3
village02,0,4
village02,0,5
village02,0,6
village02,0,7
village02,0,8
village02,0,9
village02,0,10
village02,0,11
village02,1,3
village02,1,4
village02,1,5
village02,1,6
village02,1,7
village02,1,8
village02,1,9
village02,1,10
village02,1,11
village02,2,3
village02,2,4
village02,2,5
village02,2,6
village02,2,7
village02,2,8
village02,2,9
village02,2,10
village02,2,11
village02,3,3
village02,3,4
village02,3,5
village02,3,6
village02,3,7
village02,3,8
village02,3,9
village02,3,10
village02,3,11
village_medieval01,0,3
village_medieval01,0,4
village_medieval01,0,5
village_medieval01,0,6
village_medieval01,0,7
village_medieval01,0,8
village_medieval01,0,9
village_medieval01,0,10
village_medieval01,0,11
village_medieval01,1,3
village_medieval01,1,4
village_medieval01,1,5
village_medieval01,1,6
village_medieval01,1,7
village_medieval01,1,8
village_medieval01,1,9
village_medieval01,1,10
village_medieval01,1,11
village_medieval01,2,3
village_medieval01,2,4
village_medieval01,2,5
village_medieval01,2,6
village_medieval01,2,7
village_medieval01,2,8
village_medieval01,2,9
village_medieval01,2,10
village_medieval01,2,11
village_medieval01,3,3
village_medieval01,3,4
village_medieval01,3,5
village_medieval01,3,6
village_medieval01,3,7
village_medieval01,3,8
village_medieval01,3,9
village_medieval01,3,10
village_medieval01,3,11
village_medieval02,0,3
village_medieval02,0,4
village_medieval02,0,5
village_medieval02,0,6
village_medieval02,0,7
village_medieval02,0,8
village_medieval02,0,9
village_medieval02,0,10
village_medieval02,0,11
village_medieval02,1,3
village_medieval02,1,4
village_medieval02,1,5
village_medieval02,1,6
village_medieval02,1,7
village_medieval02,1,8
village_medieval02,1,9
village_medieval02,1,10
village_medieval02,1,11
village_medieval02,2,3
village_medieval02,2,4
village_medieval02,2,5
village_medieval02,2,6
village_medieval02,2,7
village_medieval02,2,8
village_medieval02,2,9
village_medieval02,2,10
village_medieval02,2,11
village_medieval02,3,3
village_medieval02,3,4
village_medieval02,3,5
village_medieval02,3,6
village_medieval02,3,7
village_medieval02,3,8
village_medieval02,3,9
village_medieval02,3,10
village_medieval02,3,11
walkway01,0,3
walkway01,0,4
walkway01,0,5
walkway01,0,6
walkway01,0,7
walkway01,0,8
walkway01,0,9
walkway01,0,10
walkway01,0,11
walkway01,1,3
walkway01,1,4
walkway01,1,5
walkway01,1,6
walkway01,1,7
walkway01,1,8
walkway01,1,9
walkway01,1,10
walkway01,1,11
walkway01,2,3
walkway01,2,4
walkway01,2,5
walkway01,2,6
walkway01,2,7
walkway01,2,8
walkway01,2,9
walkway01,2,10
walkway01,2,11
walkway01,3,3
walkway01,3,4
walkway01,3,5
walkway01,3,6
walkway01,3,7
walkway01,3,8
walkway01,3,9
walkway01,3,10
walkway01,3,11
